db_name,background_name,query_name,geneset_name,N,m,x,n,prop_overlap,overlap,pval,p_adj
C2_CURATED,paml_universe_hugo,hist_sig_wg_hugo,BAKKER_FOXO3_TARGETS_DN,42,1089,13,29,0.30952381,PTPRE;DCP2;KLHL22;SNRPA;ETV5;ACAD10;TCF7L1;WDR74;ARHGEF17;RAB28;CHST15;C10orf88;SPEF2,1.06E-22,7.60E-19
C2_CURATED,paml_universe_hugo,hist_sig_wg_hugo,BASAKI_YBX1_TARGETS_DN,83,1089,21,62,0.253012048,MTDH;CRYM;SLC9A1;RFX3;SLC22A18;WSB1;ZMYM2;KDM4B;KLHDC10;ETV5;TMEM47;ANTXR1;PCSK6;EEF2K;SEPT6;CAT;LGALS8;IBTK;MYEF2;HGD;SLC44A1,5.90E-29,4.22E-25
C2_CURATED,paml_universe_hugo,hist_sig_wg_hugo,BENPORATH_EED_TARGETS,196,1089,42,154,0.214285714,SLC18A3;GDA;LONRF3;ESPN;MOB2;ABTB2;CNRIP1;SCRN1;CHODL;PAX7;KCNK4;HNRNPM;CHRD;DMRT1;ALX3;CRLF1;HSPA1L;LRRC47;CORO6;SLC30A2;EGFR;GHSR;DSCAML1;PLEC;WASL;PXMP2;ST8SIA2;ISL1;OPRD1;KCNK12;TMEM132E;BATF3;CLIP4;KCNJ6;TBX2;IRX3;FOXF2;GHR;RGS10;ZNF503;PRKG1;ARID1A,3.40E-41,2.43E-37
C2_CURATED,paml_universe_hugo,hist_sig_wg_hugo,BHAT_ESR1_TARGETS_VIA_AKT1_UP,68,1089,20,48,0.294117647,TOMM40;KDM4B;SIN3B;NCOR2;MAG;WDR46;CNKSR3;SYBU;TIAM1;E2F2;SH2B2;UNC5A;CBFA2T3;SBNO2;RIMS4;PLEKHH1;GPR37L1;GNL2;TBX2;RARA,3.69E-30,2.64E-26
C2_CURATED,paml_universe_hugo,hist_sig_wg_hugo,BRUINS_UVC_RESPONSE_VIA_TP53_GROUP_A,204,1089,56,148,0.274509804,RHAG;SLC22A16;UNCX;RAB38;RNF180;GRHL1;CNTN1;CADM3;RTN2;GPR108;ATG2B;ACP5;GATM;KDM4B;DEGS1;CHODL;COL11A2;CELSR1;MC4R;ADAM15;DNAJB4;PNPO;MAG;ADD2;GOSR1;HPX;FADS3;CORO6;NCLN;FBXO21;CAT;SERINC3;SLC44A4;ECT2L;CCDC28B;RGS7BP;TSPAN33;ADAM22;PLEC;GZMA;DPH1;CBFA2T3;SLC30A7;PPP2R2A;SPATA24;HIPK2;DNMBP;CREB3L4;HGD;SPAM1;BNIP2;ATP8A1;GPR31;LEAP2;PER1;LIN7C,4.89E-57,3.49E-53
C2_CURATED,paml_universe_hugo,hist_sig_wg_hugo,CASORELLI_ACUTE_PROMYELOCYTIC_LEUKEMIA_DN,165,1089,45,120,0.272727273,RAD54L;NCAPH2;POLA2;NDC80;DNM1L;CENPE;COIL;SCRN1;LSS;CKS1B;PRMT7;GALE;HNRNPM;GGA2;WDR46;POLQ;ORC1;CDHR1;COPZ2;MRPL28;GRPEL1;LSM14A;SERINC3;RABGAP1;DHX9;LGALS8;TRAFD1;ATIC;SQSTM1;MELK;PRDX4;FAM174B;FILIP1L;KDM1A;CENPM;DLAT;MTMR2;TADA2A;KIF15;CTSZ;HNRNPD;LARP4B;SNX17;LIN7C;LMNA,1.21E-49,8.63E-46
C2_CURATED,paml_universe_hugo,hist_sig_wg_hugo,CHYLA_CBFA2T3_TARGETS_UP,85,1089,21,64,0.247058824,RNF180;TGFBI;HPSE;SLC35B4;TTC39C;FNDC3B;CPNE3;UBASH3B;SEPT6;GPT2;CXCR4;ATP13A2;NOTCH3;KCNIP3;GZMA;PLEK2;RBPMS;GOLGA5;DNMBP;HNMT;TMEM53,1.27E-28,9.07E-25
C2_CURATED,paml_universe_hugo,hist_sig_wg_hugo,DANG_REGULATED_BY_MYC_DN,60,1089,15,45,0.25,ACP5;ARVCF;COL1A2;VARS;SERINC3;SEPT4;FOXN3;MAPK3;POSTN;NXN;PAK2;PHLDB1;RARA;HSPB1;PTPRN,7.50E-23,5.37E-19
C2_CURATED,paml_universe_hugo,hist_sig_wg_hugo,FEVR_CTNNB1_TARGETS_DN,132,1089,29,103,0.21969697,RAD54L;ARF6;CD2AP;CRYM;CENPE;CPT1A;MATN2;FKBP3;PSMA6;AHCYL1;POLE2;MTRR;NCOA4;TIAM1;EGFR;GART;ADA;DDX1;TM9SF2;CBFB;MELK;PRDX4;SPATA24;KCNE3;KNTC1;LBR;RASA3;PITRM1;ZDHHC2,2.59E-33,1.85E-29
C2_CURATED,paml_universe_hugo,hist_sig_wg_hugo,FISCHER_DREAM_TARGETS,231,1089,62,169,0.268398268,RAD54L;NCAPH2;POLA2;TOMM40;HLTF;NDC80;DCP2;CCHCR1;CWF19L1;KIF2A;CENPE;SNRPA;NF2;KIF24;MYO19;SASS6;CKS1B;NUP54;BIRC6;IPO11;ETV5;GNL3;POLE2;HCFC1;NCOA5;WDR46;POLQ;ORC1;SPATS2;SLC3A2;CENPJ;L3MBTL2;CEP97;GART;RNF2;ZNF367;E2F2;NUP98;NUP35;HMBS;SIVA1;MELK;MCM8;BCLAF1;ATF2;KNTC1;LBR;TIPIN;RTKN2;LRRCC1;SMC5;KDM1A;METTL16;CENPM;CEP57;DUT;KIF15;HNRNPD;GTF3C2;SSBP2;UBE2T;PLK4,1.06E-59,7.58E-56
C2_CURATED,paml_universe_hugo,hist_sig_wg_hugo,FOSTER_KDM1A_TARGETS_UP,44,1089,14,30,0.318181818,CTSA;UROC1;LMO7;CLCA1;TTC39C;COPZ2;RIMS1;AGMAT;XK;CPN1;NCKAP1L;BFSP2;MYL2;TRPV2,2.85E-24,2.04E-20
C2_CURATED,paml_universe_hugo,hist_sig_wg_hugo,GAL_LEUKEMIC_STEM_CELL_DN,53,1089,13,40,0.245283019,POLA2;TYMP;CADM3;PRMT7;HPSE;ORC1;E2F2;CHST15;MELK;HNMT;TMEM53;GPR18;CENPM,1.66E-20,1.19E-16
C4_COMPUTATIONAL,paml_universe_hugo,hist_sig_wg_hugo,GCM_DFFA,33,1089,8,25,0.242424242,MTMR1;ZMYM2;NCOA5;NAA25;IPO9;KDM3B;ARID1A;HEATR5B,1.89E-14,1.35E-10
C4_COMPUTATIONAL,paml_universe_hugo,hist_sig_wg_hugo,GCM_MYST2,37,1089,10,27,0.27027027,ZMYM2;SF3B4;NCOA5;NAA25;PHF10;KAT6B;IPO9;SYNC;KDM3B;ARID1A,1.06E-17,7.60E-14
C4_COMPUTATIONAL,paml_universe_hugo,hist_sig_wg_hugo,GCM_PPM1D,11,1089,3,8,0.272727273,NAA25;KAT6B;SYNC,2.55E-07,0.00182454
C2_CURATED,paml_universe_hugo,hist_sig_wg_hugo,GRADE_COLON_AND_RECTAL_CANCER_UP,64,1089,16,48,0.25,DNAJC2;TGFBI;PNPO;PTDSS1;WDR74;POLQ;DHX9;DDX1;ABCB8;ATIC;MELK;PRDX4;KNTC1;TFB1M;HNRNPD;ENOPH1,6.72E-24,4.81E-20
C7_IMMUNOLOGIC_SIGNATURES,paml_universe_hugo,hist_sig_wg_hugo,GSE10147_IL3_AND_HIVP17_VS_IL3_AND_CPG_STIM_PDC_UP,32,1089,10,22,0.3125,ENPEP;RTN2;KANK1;AGPAT4;FNDC3B;VARS;CYB561;TLE1;ECM1;PIH1D2,8.53E-19,6.10E-15
C7_IMMUNOLOGIC_SIGNATURES,paml_universe_hugo,hist_sig_wg_hugo,GSE10273_LOW_IL7_VS_HIGH_IL7_AND_IRF4_IN_IRF4_8_NULL_PRE_BCELL_DN,54,1089,20,34,0.37037037,GXYLT1;PSME2;ZNF652;DPF2;L1CAM;TTC39C;GOSR1;ZBTB48;PARP3;LRIG2;PRR14;ZDHHC24;CDC14B;SELP;USP49;GMIP;FHOD1;TOMM34;C10orf88;LMNA,3.95E-34,2.82E-30
C7_IMMUNOLOGIC_SIGNATURES,paml_universe_hugo,hist_sig_wg_hugo,GSE11924_TFH_VS_TH17_CD4_TCELL_UP,54,1089,15,39,0.277777778,MKL2;OSBPL7;AFF1;ARSA;TCHP;MKNK2;RABGAP1;STX6;FCHO2;TBC1D22A;MAST3;DDX24;STX4;STK11IP;ZFYVE1,5.93E-24,4.24E-20
C7_IMMUNOLOGIC_SIGNATURES,paml_universe_hugo,hist_sig_wg_hugo,GSE11961_FOLLICULAR_BCELL_VS_MARGINAL_ZONE_BCELL_DN,46,1089,13,33,0.282608696,BCL6B;FBXO41;WDR66;TIAM1;CAT;STAB1;GPR176;AGMAT;DTNB;OPRD1;MANF;SNED1;ZDHHC2,8.57E-22,6.13E-18
C7_IMMUNOLOGIC_SIGNATURES,paml_universe_hugo,hist_sig_wg_hugo,GSE11961_MEMORY_BCELL_DAY40_VS_GERMINAL_CENTER_BCELL_DAY40_UP,40,1089,12,28,0.3,CCHCR1;KCNH5;IPO4;TGFBI;DEGS1;SCLY;ANKS1A;DTNB;CNTN3;PLEKHH1;IGDCC4;LZTS2,4.10E-21,2.93E-17
C7_IMMUNOLOGIC_SIGNATURES,paml_universe_hugo,hist_sig_wg_hugo,GSE12366_GC_VS_MEMORY_BCELL_UP,45,1089,9,36,0.2,EIF4H;RAD54L;WDR66;SPATS2;SYBU;RABGAP1;METAP2;CENPM;PLK4,1.22E-14,8.74E-11
C7_IMMUNOLOGIC_SIGNATURES,paml_universe_hugo,hist_sig_wg_hugo,GSE12845_IGD_NEG_BLOOD_VS_PRE_GC_TONSIL_BCELL_DN,53,1089,10,43,0.188679245,RAD54L;PTPRE;NDC80;KANK1;BCL7A;METAP2;KTN1;IPO9;LBR;FGFR1OP,2.10E-15,1.50E-11
C7_IMMUNOLOGIC_SIGNATURES,paml_universe_hugo,hist_sig_wg_hugo,GSE12845_NAIVE_VS_PRE_GC_TONSIL_BCELL_DN,63,1089,15,48,0.238095238,PSME2;ANP32B;PSMC2;NUP37;HNRNPM;MSRB2;ORC1;SDHB;ADA;METAP2;IDH2;TNS3;DUT;KIF15;TERF2,2.29E-22,1.63E-18
C7_IMMUNOLOGIC_SIGNATURES,paml_universe_hugo,hist_sig_wg_hugo,GSE13493_DP_VS_CD8POS_THYMOCYTE_DN,48,1089,11,37,0.229166667,TOMM40;POLE2;MRPL28;GRAMD4;KLHL18;TM9SF2;SLC30A7;ISL1;NSUN2;PAK2;MYO6,9.72E-18,6.95E-14
C7_IMMUNOLOGIC_SIGNATURES,paml_universe_hugo,hist_sig_wg_hugo,GSE13762_CTRL_VS_125_VITAMIND_DAY5_DC_UP,21,1089,8,13,0.380952381,KLHL10;ARVCF;TTC38;SP2;EDNRB;CACNA1H;CACNA1I;RNPEPL1,2.45E-17,1.75E-13
C7_IMMUNOLOGIC_SIGNATURES,paml_universe_hugo,hist_sig_wg_hugo,GSE13887_RESTING_VS_NO_TREATED_CD4_TCELL_UP,22,1089,4,18,0.181818182,SCARF1;CNTN3;GCGR;HGD,4.92E-08,0.000351515
C7_IMMUNOLOGIC_SIGNATURES,paml_universe_hugo,hist_sig_wg_hugo,GSE14026_TH1_VS_TH17_UP,29,1089,10,19,0.344827586,ZNF777;FASN;VSNL1;DNASE1L3;ADD2;BCL7A;BFAR;OPRD1;RBM15B;APC2,1.25E-19,8.95E-16
C7_IMMUNOLOGIC_SIGNATURES,paml_universe_hugo,hist_sig_wg_hugo,GSE14308_TH17_VS_INDUCED_TREG_UP,35,1089,6,29,0.171428571,RASGRP4;CENPE;DNAJB4;RNF4;LRIF1;SPEF2,1.78E-10,1.27E-06
C7_IMMUNOLOGIC_SIGNATURES,paml_universe_hugo,hist_sig_wg_hugo,GSE14308_TH17_VS_NATURAL_TREG_UP,47,1089,11,36,0.234042553,PRDX5;KLHL10;GSR;CDC14B;SBNO2;TIPIN;RTKN2;THOC7;SPEF2;GNL2;CD3G,6.89E-18,4.93E-14
C7_IMMUNOLOGIC_SIGNATURES,paml_universe_hugo,hist_sig_wg_hugo,GSE1432_CTRL_VS_IFNG_24H_MICROGLIA_UP,50,1089,9,41,0.18,WNK1;REV3L;ANKS1A;TIAM1;GRAMD4;CXCR4;MYOM1;SGSM2;CACNA1I,4.37E-14,3.12E-10
C4_COMPUTATIONAL,paml_universe_hugo,hist_sig_wg_hugo,MORF_LTK,36,1089,15,21,0.416666667,PIK3CB;TM4SF5;NFRKB;EML3;CLOCK;TRA2A;ADAM15;SLC6A9;SLC12A4;GRIK5;KLHL18;TBC1D22A;MYL2;NCKIPSD;HTR4,1.63E-29,1.17E-25
C4_COMPUTATIONAL,paml_universe_hugo,hist_sig_wg_hugo,MORF_CDC2L5,39,1089,16,23,0.41025641,PIK3CB;TM4SF5;ERCC2;SEC31A;NFRKB;EML3;CAMK2G;SLC12A4;GRIK5;KLHL18;TBC1D22A;PAXIP1;SMC5;SH2B1;SEZ6L;HTR4,1.05E-30,7.48E-27
C7_IMMUNOLOGIC_SIGNATURES,paml_universe_hugo,hist_sig_wg_hugo,GSE14769_UNSTIM_VS_20MIN_LPS_BMDM_DN,36,1089,8,28,0.222222222,MPHOSPH8;ZNF777;NUP37;KRI1;PTDSS1;FAM118A;ORC1;STRN,5.30E-14,3.79E-10
C7_IMMUNOLOGIC_SIGNATURES,paml_universe_hugo,hist_sig_wg_hugo,GSE14769_UNSTIM_VS_20MIN_LPS_BMDM_UP,43,1089,8,35,0.186046512,ZDHHC23;MPP3;MYLPF;EML6;CNKSR1;CNTN3;USP30;ADCY5,3.82E-13,2.73E-09
C7_IMMUNOLOGIC_SIGNATURES,paml_universe_hugo,hist_sig_wg_hugo,GSE14908_ATOPIC_VS_NONATOPIC_PATIENT_HDM_STIM_CD4_TCELL_UP,42,1089,13,29,0.30952381,MTDH;NCAPH2;GATM;PPP2R3C;LSS;CPNE3;KPNA6;ODF2L;MLLT1;CA13;MAPK3;DDB1;CLASP1,1.06E-22,7.60E-19
C7_IMMUNOLOGIC_SIGNATURES,paml_universe_hugo,hist_sig_wg_hugo,GSE14908_ATOPIC_VS_NONATOPIC_PATIENT_RESTING_CD4_TCELL_DN,60,1089,14,46,0.233333333,NDFIP1;LSS;POLR3G;CPNE3;KPNA6;GUSB;MLLT1;INTS3;NSUN2;NXN;GNL2;HDLBP;CLASP1;SH3RF1,3.85E-21,2.75E-17
C7_IMMUNOLOGIC_SIGNATURES,paml_universe_hugo,hist_sig_wg_hugo,GSE15324_NAIVE_VS_ACTIVATED_ELF4_KO_CD8_TCELL_UP,52,1089,18,34,0.346153846,MAN2B2;DOCK8;ACOT8;NARF;MAP3K11;EPHB6;ELMOD3;MYLPF;RELT;CHPT1;RBM42;RAPGEF2;WIPI1;TBC1D9B;NUDT6;ABCA7;NPC1;ADAM12,2.01E-30,1.43E-26
C7_IMMUNOLOGIC_SIGNATURES,paml_universe_hugo,hist_sig_wg_hugo,GSE15930_NAIVE_VS_24H_IN_VITRO_STIM_CD8_TCELL_UP,41,1089,9,32,0.219512195,GABBR1;ELMOD3;DNAJB4;KITLG;RAPGEF4;LGALS4;CXCR4;TRAFD1;HIP1R,3.76E-15,2.69E-11
C7_IMMUNOLOGIC_SIGNATURES,paml_universe_hugo,hist_sig_wg_hugo,GSE15930_NAIVE_VS_24H_IN_VITRO_STIM_IL12_CD8_TCELL_UP,46,1089,9,37,0.195652174,ACOT8;GABBR1;ELMOD3;DNAJB4;RAPGEF4;LGALS4;CXCR4;TRAFD1;HIP1R,1.60E-14,1.15E-10
C7_IMMUNOLOGIC_SIGNATURES,paml_universe_hugo,hist_sig_wg_hugo,GSE15930_NAIVE_VS_24H_IN_VITRO_STIM_INFAB_CD8_TCELL_DN,53,1089,12,41,0.226415094,DECR1;CSNK2A2;CKS1B;DUSP12;RBM10;MRPS36;DDX1;HMBS;SIVA1;WDR77;PLK4;ENOPH1,9.26E-19,6.62E-15
C7_IMMUNOLOGIC_SIGNATURES,paml_universe_hugo,hist_sig_wg_hugo,GSE15930_NAIVE_VS_72H_IN_VITRO_STIM_TRICHOSTATINA_CD8_TCELL_UP,59,1089,16,43,0.271186441,EIF4H;DNASE1L1;IRF9;ACOT8;ERCC2;GDAP2;GABBR1;ARSA;DNAJB4;KITLG;EEF2K;CXCR4;DDX24;TRAFD1;GZMA;CPSF7,8.49E-25,6.07E-21
C4_COMPUTATIONAL,paml_universe_hugo,hist_sig_wg_hugo,MORF_MT4,58,1089,23,35,0.396551724,PIK3CB;TM4SF5;ERCC2;SEC31A;NFRKB;EML3;ZBTB17;ADAM15;ANTXR1;ADD2;SLC6A9;CAMK2G;SLC12A4;GRIK5;KLHL18;TBC1D22A;FOXN3;PAXIP1;SMC5;SH2B1;NCKIPSD;SEZ6L;HTR4,1.84E-39,1.32E-35
C4_COMPUTATIONAL,paml_universe_hugo,hist_sig_wg_hugo,MORF_RAGE,39,1089,15,24,0.384615385,TM4SF5;CNTN1;NFRKB;EML3;CLOCK;ADAM15;ADD2;SLC6A9;SLC12A4;GRIK5;KLHL18;SH2B1;MYL2;NCKIPSD;HTR4,3.77E-28,2.70E-24
C7_IMMUNOLOGIC_SIGNATURES,paml_universe_hugo,hist_sig_wg_hugo,GSE16385_ROSIGLITAZONE_IFNG_TNF_VS_IL4_STIM_MACROPHAGE_UP,43,1089,11,32,0.255813953,GDA;GTPBP8;FKBP1B;TFRC;NOS1;TLE1;PLEKHH1;FILIP1L;TTC29;ETF1;PER1,1.54E-18,1.10E-14
C7_IMMUNOLOGIC_SIGNATURES,paml_universe_hugo,hist_sig_wg_hugo,GSE16385_UNTREATED_VS_12H_ROSIGLITAZONE_TREATED_MACROPHAGE_DN,30,1089,5,25,0.166666667,CHODL;RAPGEF4;KIF1A;FAM118B;USP49,3.75E-09,2.68E-05
C7_IMMUNOLOGIC_SIGNATURES,paml_universe_hugo,hist_sig_wg_hugo,GSE17186_CD21LOW_VS_CD21HIGH_TRANSITIONAL_BCELL_CORD_BLOOD_UP,59,1089,10,49,0.169491525,RAD54L;PSME2;TRIP10;GABBR1;CDK5RAP3;MYOM1;KCNK12;NDUFA8;PREX1;MYO9A,8.52E-15,6.09E-11
C7_IMMUNOLOGIC_SIGNATURES,paml_universe_hugo,hist_sig_wg_hugo,GSE1740_MCSF_VS_MCSF_AND_IFNG_DAY2_DERIVED_MACROPHAGE_WITH_IFNA_STIM_UP,56,1089,15,41,0.267857143,MAN2B2;MKL2;DHX29;GSTP1;ANP32B;UBE2I;EEF2K;PLOD1;ERCC3;PHF10;FBXO42;NDUFA8;PIGH;TMEM53;EPHX1,1.46E-23,1.04E-19
C7_IMMUNOLOGIC_SIGNATURES,paml_universe_hugo,hist_sig_wg_hugo,GSE17721_0.5H_VS_24H_GARDIQUIMOD_BMDC_DN,47,1089,12,35,0.255319149,POLA2;TM4SF5;MOB2;TMEM165;SACM1L;ABR;NDRG3;WDR48;PXMP2;TMCC3;NRF1;CDC73,1.04E-19,7.45E-16
C7_IMMUNOLOGIC_SIGNATURES,paml_universe_hugo,hist_sig_wg_hugo,GSE17721_12H_VS_24H_LPS_BMDC_DN,49,1089,6,43,0.12244898,RHOD;CAT;MAST3;CHST15;TEX10;DHDDS,2.11E-09,1.51E-05
C7_IMMUNOLOGIC_SIGNATURES,paml_universe_hugo,hist_sig_wg_hugo,GSE17721_CPG_VS_GARDIQUIMOD_16H_BMDC_UP,45,1089,10,35,0.222222222,STXBP2;RPS8;KLHL10;CARD14;ADD2;KIF1A;MOV10L1;TIAM1;CHRNA1;NCKIPSD,2.15E-16,1.54E-12
C7_IMMUNOLOGIC_SIGNATURES,paml_universe_hugo,hist_sig_wg_hugo,GSE17721_CTRL_VS_CPG_0.5H_BMDC_DN,39,1089,11,28,0.282051282,PHC2;CADM3;CARD14;MDFI;UNC45A;CPN1;DHDDS;COX15;MAU2;MECR;GABRR2,2.67E-19,1.91E-15
C7_IMMUNOLOGIC_SIGNATURES,paml_universe_hugo,hist_sig_wg_hugo,GSE17721_CTRL_VS_LPS_12H_BMDC_UP,57,1089,17,40,0.298245614,RPS8;CTSA;ATG2B;HMGCL;ADAM15;HCFC1;ADAM11;CXCR4;GUSB;GIGYF1;ABCB8;CMIP;MRC1;TIA1;RGS10;GNA12;SSBP2,4.53E-27,3.24E-23
C7_IMMUNOLOGIC_SIGNATURES,paml_universe_hugo,hist_sig_wg_hugo,GSE17721_CTRL_VS_LPS_24H_BMDC_UP,46,1089,13,33,0.282608696,FKBP1B;CPT1A;FASN;CTNNA1;CASP6;GUSB;LGALS8;DBH;MAPK3;CORO1A;SIDT2;ARID1A;SSBP2,8.57E-22,6.13E-18
C4_COMPUTATIONAL,paml_universe_hugo,hist_sig_wg_hugo,MORF_RBBP8,52,1089,20,32,0.384615385,PIK3CB;TM4SF5;ERCC2;NFRKB;EML3;PHB;CLOCK;ADAM15;SLC6A9;CAMK2G;SLC12A4;GRIK5;KLHL18;TBC1D22A;PAXIP1;SMC5;SH2B1;NCKIPSD;SEZ6L;HTR4,6.63E-35,4.74E-31
C4_COMPUTATIONAL,paml_universe_hugo,hist_sig_wg_hugo,MORF_ERCC2,29,1089,11,18,0.379310345,PIK3CB;ERCC2;SEC31A;NFRKB;CAMK2G;GRIK5;KLHL18;TBC1D22A;PAXIP1;DDB1;SH2B1,4.36E-22,3.12E-18
C7_IMMUNOLOGIC_SIGNATURES,paml_universe_hugo,hist_sig_wg_hugo,GSE17721_CTRL_VS_POLYIC_2H_BMDC_DN,46,1089,8,38,0.173913043,KIF1A;PINK1;GSR;PXMP2;RNGTT;BCLAF1;BATF3;PLK4,7.77E-13,5.55E-09
C7_IMMUNOLOGIC_SIGNATURES,paml_universe_hugo,hist_sig_wg_hugo,GSE17721_LPS_VS_CPG_0.5H_BMDC_UP,50,1089,7,43,0.14,LSS;GNL3;SACM1L;SEPT6;DAB2IP;CLASP1;HNRNPD,6.95E-11,4.97E-07
C7_IMMUNOLOGIC_SIGNATURES,paml_universe_hugo,hist_sig_wg_hugo,GSE17721_LPS_VS_CPG_12H_BMDC_UP,42,1089,10,32,0.238095238,PHC2;SF3A1;KIAA1109;RREB1;POLR2G;CPNE3;GRAMD4;TSPAN33;AHCYL2;PXMP2,7.78E-17,5.56E-13
C7_IMMUNOLOGIC_SIGNATURES,paml_universe_hugo,hist_sig_wg_hugo,GSE17721_LPS_VS_CPG_8H_BMDC_DN,52,1089,9,43,0.173076923,NCAPH2;DNASE1L1;TSPAN14;ACP5;NUP54;PGM2;DNAJB4;CAT;SEPT8,6.92E-14,4.95E-10
C7_IMMUNOLOGIC_SIGNATURES,paml_universe_hugo,hist_sig_wg_hugo,GSE17721_LPS_VS_GARDIQUIMOD_6H_BMDC_UP,53,1089,11,42,0.20754717,RAB12;WNK1;CPT1A;CHRNE;ANKS1A;KITLG;STX3;CPNE3;STAM2;HINFP;FMR1,4.63E-17,3.31E-13
C7_IMMUNOLOGIC_SIGNATURES,paml_universe_hugo,hist_sig_wg_hugo,GSE17721_LPS_VS_PAM3CSK4_0.5H_BMDC_DN,37,1089,10,27,0.27027027,SAG;HNRNPM;COPZ2;KSR1;UPF3B;NAPB;SALL2;PACS1;BCLAF1;HAS3,1.06E-17,7.60E-14
C7_IMMUNOLOGIC_SIGNATURES,paml_universe_hugo,hist_sig_wg_hugo,GSE17721_PAM3CSK4_VS_CPG_6H_BMDC_DN,48,1089,18,30,0.375,DBNL;KIAA1109;SASS6;TRA2A;ANKS1A;NCOA5;CPNE3;EEF2K;BFAR;DBH;CHST15;HINFP;DPCD;PRDX4;CA13;GPR37L1;COX15;SLC25A28,8.40E-32,6.00E-28
C7_IMMUNOLOGIC_SIGNATURES,paml_universe_hugo,hist_sig_wg_hugo,GSE17721_PAM3CSK4_VS_GADIQUIMOD_0.5H_BMDC_UP,48,1089,12,36,0.25,PTPRE;ENPEP;GANAB;AMPD2;SCYL1;TP63;GPT2;NAPB;MANF;NPC1;CHPF;PER1,1.55E-19,1.11E-15
C7_IMMUNOLOGIC_SIGNATURES,paml_universe_hugo,hist_sig_wg_hugo,GSE17721_PAM3CSK4_VS_GADIQUIMOD_12H_BMDC_UP,50,1089,13,37,0.26,UTP20;NDUFV2;FASN;FKBP3;CKS1B;PRMT7;GNL3;MRPS36;RPS16;ARPC1A;EPB41;MECR;LMNA,5.08E-21,3.63E-17
C7_IMMUNOLOGIC_SIGNATURES,paml_universe_hugo,hist_sig_wg_hugo,GSE18791_UNSTIM_VS_NEWCATSLE_VIRUS_DC_6H_UP,48,1089,13,35,0.270833333,PTPRE;TXLNG;ZBTB24;ANP32B;ASTE1;WDR46;DNAJC11;PIAS4;DDX24;GZF1;UNC45A;MANF;ARID3A,2.16E-21,1.54E-17
C7_IMMUNOLOGIC_SIGNATURES,paml_universe_hugo,hist_sig_wg_hugo,GSE18893_TCONV_VS_TREG_24H_TNF_STIM_DN,39,1089,12,27,0.307692308,NUMA1;FUT1;CLCN2;MTRR;WDR92;DTNB;SIRT7;ZMYM3;THOC7;SLC44A1;LEAP2;HOMER1,2.37E-21,1.69E-17
C7_IMMUNOLOGIC_SIGNATURES,paml_universe_hugo,hist_sig_wg_hugo,GSE19401_PAM2CSK4_VS_RETINOIC_ACID_STIM_FOLLICULAR_DC_DN,45,1089,11,34,0.244444444,NCAPH2;ERCC2;CNTN1;SH3GL2;CPNE3;ALX3;DBH;OGT;OPRD1;DNMBP;ZRSR2,3.35E-18,2.39E-14
C7_IMMUNOLOGIC_SIGNATURES,paml_universe_hugo,hist_sig_wg_hugo,GSE19825_NAIVE_VS_DAY3_EFF_CD8_TCELL_DN,43,1089,17,26,0.395348837,NDC80;CSNK2A2;FASN;DEGS1;CKS1B;PGM2;ACTN4;PLEC;GZMA;SLC30A7;INTS3;MAPK3;NDUFA8;FHOD1;PSMG3;CENPM;HDLBP,1.97E-31,1.41E-27
C7_IMMUNOLOGIC_SIGNATURES,paml_universe_hugo,hist_sig_wg_hugo,GSE19825_NAIVE_VS_DAY3_EFF_CD8_TCELL_UP,40,1089,12,28,0.3,VGLL3;NXPH1;UROC1;COL1A2;KIF1B;ADD2;TET3;COPZ2;PTCH2;SNED1;ADCY5;PTPRN,4.10E-21,2.93E-17
C7_IMMUNOLOGIC_SIGNATURES,paml_universe_hugo,hist_sig_wg_hugo,GSE20366_EX_VIVO_VS_HOMEOSTATIC_CONVERSION_NAIVE_CD4_TCELL_DN,43,1089,10,33,0.23255814,NDUFV2;L1CAM;LIPA;CPT1A;EML6;TRIM3;TIAM1;MRPS36;MELK;ATP1B4,1.11E-16,7.91E-13
C7_IMMUNOLOGIC_SIGNATURES,paml_universe_hugo,hist_sig_wg_hugo,GSE20715_0H_VS_48H_OZONE_LUNG_DN,41,1089,13,28,0.317073171,YJEFN3;FASN;ATG16L1;BIRC6;POLE2;HPX;PLOD1;UBR2;DPCD;MANF;CLIP4;LUZP1;HSPB1,5.93E-23,4.24E-19
C7_IMMUNOLOGIC_SIGNATURES,paml_universe_hugo,hist_sig_wg_hugo,GSE20715_WT_VS_TLR4_KO_24H_OZONE_LUNG_UP,44,1089,8,36,0.181818182,LIPA;COL1A2;COPZ2;PARP3;PLA2R1;CPN1;PITRM1;EPHX1,4.88E-13,3.49E-09
C7_IMMUNOLOGIC_SIGNATURES,paml_universe_hugo,hist_sig_wg_hugo,GSE20727_CTRL_VS_H2O2_TREATED_DC_DN,45,1089,11,34,0.244444444,RABEP1;SCRN1;RAB11A;GIT2;ST3GAL3;KIF5C;SIDT2;MYO9A;ZDHHC2;HIP1R;TERF2,3.35E-18,2.39E-14
C7_IMMUNOLOGIC_SIGNATURES,paml_universe_hugo,hist_sig_wg_hugo,GSE20727_CTRL_VS_H2O2_TREATED_DC_UP,38,1089,14,24,0.368421053,RABEP1;STXBP5;GABBR1;NUMA1;GIT2;ST3GAL3;SIDT2;NPC1;EPB41;ZDHHC2;WDR77;HOMER1;HEATR5B;TERF2,4.15E-26,2.96E-22
C4_COMPUTATIONAL,paml_universe_hugo,hist_sig_wg_hugo,MORF_FANCG,45,1089,17,28,0.377777778,ERCC2;SEC31A;NFRKB;EML3;PHB;ADAM15;SLC6A9;SLC12A4;PARN;GRIK5;KLHL18;PAXIP1;DDB1;KDM3B;SMC5;SH2B1;HTR4,1.32E-30,9.41E-27
C7_IMMUNOLOGIC_SIGNATURES,paml_universe_hugo,hist_sig_wg_hugo,GSE16385_MONOCYTE_VS_12H_IL4_TREATED_MACROPHAGE_DN,67,1089,25,42,0.373134328,ZNF777;NFRKB;CTSA;MAP3K11;PACSIN1;ANKS1A;ZBTB48;USP11;NCLN;BFAR;ERP29;TBC1D9B;PRKCH;CORO1A;STX4;ABCA7;DENND4B;FHOD1;TOMM34;DDB1;CPSF7;SH2B1;SLC5A6;SLC25A28;ARID1A,2.38E-40,1.70E-36
C7_IMMUNOLOGIC_SIGNATURES,paml_universe_hugo,hist_sig_wg_hugo,GSE21033_1H_VS_24H_POLYIC_STIM_DC_UP,37,1089,8,29,0.216216216,CD2AP;CEP120;DAB2IP;VARS2;GZF1;CBFA2T3;SMC5;BFSP2,7.27E-14,5.20E-10
C7_IMMUNOLOGIC_SIGNATURES,paml_universe_hugo,hist_sig_wg_hugo,GSE21379_TFH_VS_NON_TFH_SAP_KO_CD4_TCELL_UP,40,1089,11,29,0.275,NARF;PSMC2;ADD2;L3MBTL2;SLC12A4;DAAM1;DHX9;PXMP2;CA13;SH3TC2;EPB41,4.25E-19,3.04E-15
C7_IMMUNOLOGIC_SIGNATURES,paml_universe_hugo,hist_sig_wg_hugo,GSE21379_WT_VS_SAP_KO_CD4_TCELL_DN,38,1089,8,30,0.210526316,ENPEP;ENPP6;BCL7A;CAT;PXK;E2F2;EDARADD;KCTD20,9.84E-14,7.04E-10
C7_IMMUNOLOGIC_SIGNATURES,paml_universe_hugo,hist_sig_wg_hugo,GSE22886_IGG_IGA_MEMORY_BCELL_VS_BLOOD_PLASMA_CELL_DN,49,1089,18,31,0.367346939,DNM1L;TTC38;ARSA;EDC4;FNDC3B;SPATS2;PLOD1;MRPL28;SERINC3;ADA;WIPI1;NFYC;CHST15;ARPC1A;IBTK;CHPF;GTF3C2;CDC73,1.97E-31,1.41E-27
C7_IMMUNOLOGIC_SIGNATURES,paml_universe_hugo,hist_sig_wg_hugo,GSE5503_LIVER_DC_VS_SPLEEN_DC_ACTIVATED_ALLOGENIC_TCELL_DN,44,1089,16,28,0.363636364,RPS8;ZNF652;DBNL;NRBF2;COG3;TTC39C;COG7;ZBTB48;UBR2;KCNIP3;NETO2;PIGH;BNIP2;LIMK2;HSPB1;RNPEPL1,1.21E-28,8.63E-25
C7_IMMUNOLOGIC_SIGNATURES,paml_universe_hugo,hist_sig_wg_hugo,GSE21546_WT_VS_SAP1A_KO_AND_ELK1_KO_ANTI_CD3_STIM_DP_THYMOCYTES_DN,44,1089,12,32,0.272727273,MPHOSPH8;ENPEP;TSPAN13;APBB1;ENPP6;BCL7A;PARP3;PXK;E2F2;EDARADD;TMEM132E;NRF1,2.91E-20,2.08E-16
C7_IMMUNOLOGIC_SIGNATURES,paml_universe_hugo,hist_sig_wg_hugo,GSE21670_STAT3_KO_VS_WT_CD4_TCELL_IL6_TREATED_UP,50,1089,16,34,0.32,PRDX5;EFR3A;FKBP3;NID2;GOSR1;RNF4;EPS15L1;OTOA;KCTD20;LINGO1;KCNE3;SYNC;SNED1;RASA3;HNMT;CCDC63,8.02E-27,5.74E-23
C7_IMMUNOLOGIC_SIGNATURES,paml_universe_hugo,hist_sig_wg_hugo,GSE21670_TGFB_VS_IL6_TREATED_CD4_TCELL_DN,55,1089,10,45,0.181818182,DNAJC10;MORC3;SP2;GNL3;MSRB2;SLC25A34;LGI2;CRIPT;SPAM1;SLC25A35,3.43E-15,2.45E-11
C7_IMMUNOLOGIC_SIGNATURES,paml_universe_hugo,hist_sig_wg_hugo,GSE22033_WT_VS_PPARG_KO_MEF_DN,49,1089,15,34,0.306122449,NDC80;DNASE1L1;TSPAN14;KLHDC10;NRBF2;ALDH5A1;CEP63;HSPA1L;TTC26;RNF2;TBC1D22A;TCFL5;LBR;THOC7;TBX2,4.68E-25,3.35E-21
C7_IMMUNOLOGIC_SIGNATURES,paml_universe_hugo,hist_sig_wg_hugo,GSE22140_HEALTHY_VS_ARTHRITIC_MOUSE_CD4_TCELL_UP,38,1089,8,30,0.210526316,PSME2;TYMP;NDUFV2;INPP5D;POLR2G;NCLN;PPM1F;HSPB1,9.84E-14,7.04E-10
C7_IMMUNOLOGIC_SIGNATURES,paml_universe_hugo,hist_sig_wg_hugo,GSE22313_HEALTHY_VS_SLE_MOUSE_CD4_TCELL_UP,49,1089,16,33,0.326530612,PTPRE;ECHDC3;MTMR11;AGPAT4;BAIAP2L2;FADS3;ZBTB47;PELI3;SEPT4;TLE1;BATF3;NPC1;PITRM1;RARA;ZFYVE26;LZTS2,4.31E-27,3.08E-23
C7_IMMUNOLOGIC_SIGNATURES,paml_universe_hugo,hist_sig_wg_hugo,GSE22601_DOUBLE_POSITIVE_VS_CD4_SINGLE_POSITIVE_THYMOCYTE_UP,33,1089,10,23,0.303030303,TM4SF5;TRA2A;SSPO;RAPGEF4;SPATS2;RIMS1;SEMA6A;TMEM132E;STK11IP;TOR1A,1.50E-18,1.07E-14
C7_IMMUNOLOGIC_SIGNATURES,paml_universe_hugo,hist_sig_wg_hugo,GSE22886_DAY0_VS_DAY7_MONOCYTE_IN_CULTURE_DN,55,1089,17,38,0.309090909,ANXA11;EFR3A;ACP5;CKS1B;TFRC;SEPT11;SEL1L3;ECM1;PRDX4;STX4;NDUFA8;TNS3;HSPB1;DLAT;TSPAN3;TRPV2;LMNA,1.51E-27,1.08E-23
C7_IMMUNOLOGIC_SIGNATURES,paml_universe_hugo,hist_sig_wg_hugo,GSE21546_ELK1_KO_VS_SAP1A_KO_AND_ELK1_KO_ANTI_CD3_STIM_DP_THYMOCYTES_DN,39,1089,13,26,0.333333333,ZNF777;HSD17B12;DHX29;GUSB;MRPL20;ZNF367;DPCD;NUDT6;SQSTM1;KCNJ6;PER1;CABLES2;LZTS2,1.69E-23,1.21E-19
C4_COMPUTATIONAL,paml_universe_hugo,hist_sig_wg_hugo,MORF_PPP5C,30,1089,10,20,0.333333333,ERCC2;NFRKB;KLHDC10;REV3L;CAMK2G;GRIK5;KLHL18;PHF10;PAXIP1;SH2B1,2.48E-19,1.77E-15
C7_IMMUNOLOGIC_SIGNATURES,paml_universe_hugo,hist_sig_wg_hugo,GSE22886_NAIVE_CD4_TCELL_VS_12H_ACT_TH1_DN,57,1089,14,43,0.245614035,GTPBP8;NDUFV2;CSTF2;PSMC2;PSMD1;TFRC;TMEM165;DPAGT1;HMBS;BATF3;DHDDS;TOR1A;TGS1;ENOPH1,1.31E-21,9.33E-18
C7_IMMUNOLOGIC_SIGNATURES,paml_universe_hugo,hist_sig_wg_hugo,GSE22886_NAIVE_CD8_TCELL_VS_NKCELL_UP,35,1089,10,25,0.285714286,NDFIP1;SIN3B;CASP6;SCMH1;EZR;UXS1;TBX2;RGS10;CD3G;EPHX1,4.20E-18,3.00E-14
C7_IMMUNOLOGIC_SIGNATURES,paml_universe_hugo,hist_sig_wg_hugo,GSE22886_NAIVE_TCELL_VS_NKCELL_UP,42,1089,12,30,0.285714286,NDFIP1;IPO4;ANP32B;SIN3B;CASP6;WDR74;SCMH1;ERP29;UXS1;TBX2;RGS10;CD3G,1.14E-20,8.15E-17
C7_IMMUNOLOGIC_SIGNATURES,paml_universe_hugo,hist_sig_wg_hugo,GSE22886_TCELL_VS_BCELL_NAIVE_UP,44,1089,13,31,0.295454545,NDFIP1;EXOSC7;PSMD1;CASP6;GRPEL1;SERINC3;ATP13A2;RBM42;PRKCH;RASA3;RGS10;TRPV2;CD3G,3.16E-22,2.26E-18
C7_IMMUNOLOGIC_SIGNATURES,paml_universe_hugo,hist_sig_wg_hugo,GSE22935_24H_VS_48H_MBOVIS_BCG_STIM_MYD88_KO_MACROPHAGE_UP,57,1089,17,40,0.298245614,RAB38;KCND1;SEPT11;STX3;NCOA5;TBC1D23;RNF4;WIPI1;BFAR;MELK;NEK1;KCNS1;RARA;SLC25A28;DLAT;RNF14;CTSZ,4.53E-27,3.24E-23
C7_IMMUNOLOGIC_SIGNATURES,paml_universe_hugo,hist_sig_wg_hugo,GSE22935_WT_VS_MYD88_KO_MACROPHAGE_24H_MBOVIS_BCG_STIM_UP,39,1089,10,29,0.256410256,KIF2A;CHFR;MAP3K11;SCYL1;POLR3G;CDK16;ARFIP2;TOR1A;PER1;TRPV2,2.48E-17,1.77E-13
C7_IMMUNOLOGIC_SIGNATURES,paml_universe_hugo,hist_sig_wg_hugo,GSE23502_WT_VS_HDC_KO_MYELOID_DERIVED_SUPPRESSOR_CELL_BM_DN,40,1089,14,26,0.35,IRF9;ECHDC3;YWHAQ;CELSR1;AGPAT4;GNL3;CCDC28B;FCHO2;TCFL5;SBNO2;CA13;CASS4;CTSZ;TG,1.99E-25,1.42E-21
C7_IMMUNOLOGIC_SIGNATURES,paml_universe_hugo,hist_sig_wg_hugo,GSE24142_EARLY_THYMIC_PROGENITOR_VS_DN2_THYMOCYTE_FETAL_DN,52,1089,15,37,0.288461538,REC8;IPO4;LSS;CASP6;GAL;MMP15;MOV10L1;CXCR4;FAM118B;EDARADD;EZR;GZMA;UNC45A;AGFG1;CD3G,2.27E-24,1.62E-20
C7_IMMUNOLOGIC_SIGNATURES,paml_universe_hugo,hist_sig_wg_hugo,GSE24142_EARLY_THYMIC_PROGENITOR_VS_DN3_THYMOCYTE_DN,36,1089,8,28,0.222222222,DEGS1;SLAIN1;AXL;SLC12A4;ADA;PRKCH;DNMBP;ATP8A1,5.30E-14,3.79E-10
C7_IMMUNOLOGIC_SIGNATURES,paml_universe_hugo,hist_sig_wg_hugo,GSE24142_EARLY_THYMIC_PROGENITOR_VS_DN3_THYMOCYTE_FETAL_DN,52,1089,13,39,0.25,REC8;SIN3B;LMO7;TRIM24;MYLPF;SPATS2;NOTCH3;EDARADD;EZR;AGFG1;SIDT2;DNMBP;ATP8A1,1.13E-20,8.10E-17
C7_IMMUNOLOGIC_SIGNATURES,paml_universe_hugo,hist_sig_wg_hugo,GSE24574_NAIVE_VS_TCONV_CD4_TCELL_UP,49,1089,13,36,0.265306122,MAN2B2;ACP5;ARHGAP4;NUMA1;MXRA8;ADAM11;CXCR4;ADA;COL4A2;MAPK3;CORO1A;RASA3;LIMK2,3.34E-21,2.39E-17
C7_IMMUNOLOGIC_SIGNATURES,paml_universe_hugo,hist_sig_wg_hugo,GSE24671_BAKIMULC_VS_SENDAI_VIRUS_INFECTED_MOUSE_SPLENOCYTES_UP,49,1089,13,36,0.265306122,RAD54L;NDC80;IRF9;CKS1B;KCNK4;TFRC;CUX1;SLC12A4;TIPIN;VDAC2;CENPM;STK35;PLK4,3.34E-21,2.39E-17
C7_IMMUNOLOGIC_SIGNATURES,paml_universe_hugo,hist_sig_wg_hugo,GSE29949_CD8_POS_DC_SPLEEN_VS_DC_BRAIN_DN,44,1089,14,30,0.318181818,MPHOSPH8;TYMP;MINK1;SPATA2L;PAX7;ARFIP1;ANKS1A;DTNB;SELP;SBNO2;ARPC1A;BAAT;HTR4;LMNA,2.85E-24,2.04E-20
C7_IMMUNOLOGIC_SIGNATURES,paml_universe_hugo,hist_sig_wg_hugo,GSE8685_IL2_ACT_IL2_STARVED_VS_IL21_ACT_IL2_STARVED_CD4_TCELL_DN,29,1089,9,20,0.310344828,UTP20;NAT10;BIRC6;DAAM1;KCNE3;IDH2;TBX2;GABRR2;ENOPH1,2.48E-17,1.77E-13
C7_IMMUNOLOGIC_SIGNATURES,paml_universe_hugo,hist_sig_wg_hugo,GSE25502_WT_VS_KLF13_KO_THYMIC_MEMORY_LIKE_CD8_TCELL_DN,36,1089,9,27,0.25,NCAPH2;VSNL1;PC;FCHO2;SQSTM1;POSTN;CHPF;LRRC36;RHPN1,6.54E-16,4.68E-12
C7_IMMUNOLOGIC_SIGNATURES,paml_universe_hugo,hist_sig_wg_hugo,GSE26030_UNSTIM_VS_RESTIM_TH1_DAY15_POST_POLARIZATION_DN,54,1089,9,45,0.166666667,CPT1A;RAP1GAP2;ACTN4;TEF;NUP35;CYB561;SQSTM1;TGM3;FILIP1L,1.07E-13,7.65E-10
C7_IMMUNOLOGIC_SIGNATURES,paml_universe_hugo,hist_sig_wg_hugo,GSE26030_UNSTIM_VS_RESTIM_TH1_DAY5_POST_POLARIZATION_DN,51,1089,19,32,0.37254902,TGFBI;AMPD2;CASP6;PTRHD1;ADAM15;STX3;TMEM165;CDK5RAP3;TTC39C;CDK16;TIAM1;ERP29;CTDSP2;PRDX4;SIDT2;TNS3;RGS10;KLHL6;SSBP2,5.62E-33,4.02E-29
C7_IMMUNOLOGIC_SIGNATURES,paml_universe_hugo,hist_sig_wg_hugo,GSE26290_WT_VS_PDK1_KO_ANTI_CD3_AND_IL2_STIM_CD8_TCELL_DN,51,1089,14,37,0.274509804,TSPAN14;NDFIP1;TWF2;COL4A3BP;ARFIP1;PC;WDR46;PLOD1;PARN;BFAR;CASP9;DENND4B;CPSF7;RNPEPL1,1.10E-22,7.84E-19
C7_IMMUNOLOGIC_SIGNATURES,paml_universe_hugo,hist_sig_wg_hugo,GSE26351_WNT_VS_BMP_PATHWAY_STIM_HEMATOPOIETIC_PROGENITORS_UP,53,1089,16,37,0.301886792,MTMR1;RASGRP4;CDC42EP2;NARF;KRI1;COL1A2;GAL;CEP63;PIAS4;E2F2;SAMD4B;ABCB8;OGT;FILIP1L;KIF15;PLK4,4.49E-26,3.21E-22
C7_IMMUNOLOGIC_SIGNATURES,paml_universe_hugo,hist_sig_wg_hugo,GSE26669_CTRL_VS_COSTIM_BLOCK_MLR_CD4_TCELL_UP,46,1089,13,33,0.282608696,RAB38;PSMD1;MAPK9;CELSR1;ANTXR1;POLE2;RBM14;GART;DDX1;WDR48;CIB1;VPS53;ENOPH1,8.57E-22,6.13E-18
C7_IMMUNOLOGIC_SIGNATURES,paml_universe_hugo,hist_sig_wg_hugo,GSE26928_NAIVE_VS_CENT_MEMORY_CD4_TCELL_DN,45,1089,13,32,0.288888889,FBXO28;CHSY1;KLHDC10;INPP5D;POLE2;SPATS2;ODF2L;CYB5R4;SCAF11;CEP164;VWA5B1;UBE2T;LMNA,5.25E-22,3.76E-18
C7_IMMUNOLOGIC_SIGNATURES,paml_universe_hugo,hist_sig_wg_hugo,GSE26928_NAIVE_VS_EFF_MEMORY_CD4_TCELL_DN,46,1089,12,34,0.260869565,IL18RAP;CLPTM1;CENPE;TGFBI;KLHDC10;MTRR;CENPJ;ZSWIM6;KCNK12;HDLBP;CTSZ;LMNA,6.93E-20,4.95E-16
C7_IMMUNOLOGIC_SIGNATURES,paml_universe_hugo,hist_sig_wg_hugo,GSE2706_2H_VS_8H_LPS_STIM_DC_DN,35,1089,10,25,0.285714286,PSME2;TRIP10;HCFC2;ZNF367;TRAFD1;PPP2R2A;TMCC3;STX17;TIA1;SLC25A28,4.20E-18,3.00E-14
C7_IMMUNOLOGIC_SIGNATURES,paml_universe_hugo,hist_sig_wg_hugo,GSE2706_UNSTIM_VS_2H_LPS_AND_R848_DC_UP,37,1089,6,31,0.162162162,GNL3;WDR92;TCHP;FAM118B;CNTN3;GPR31,2.72E-10,1.95E-06
C7_IMMUNOLOGIC_SIGNATURES,paml_universe_hugo,hist_sig_wg_hugo,GSE2706_UNSTIM_VS_8H_LPS_AND_R848_DC_UP,54,1089,19,35,0.351851852,TBC1D10C;PHC2;TWF2;KDM4B;TTC7A;NAA40;PNPO;CAMK2G;AP1M1;SLC38A9;TPRG1L;FAM118B;TBC1D22A;CBFB;LBR;NDUFA8;PGM2L1;NCKAP1L;CEP57,6.24E-32,4.46E-28
C7_IMMUNOLOGIC_SIGNATURES,paml_universe_hugo,hist_sig_wg_hugo,GSE27241_WT_VS_RORGT_KO_TH17_POLARIZED_CD4_TCELL_DN,33,1089,10,23,0.303030303,ELMOD3;HMGCL;POLR2G;RAB11A;GRPEL1;CLNS1A;COX15;SEPT8;DUT;PTPRN,1.50E-18,1.07E-14
C7_IMMUNOLOGIC_SIGNATURES,paml_universe_hugo,hist_sig_wg_hugo,GSE27670_CTRL_VS_LMP1_TRANSDUCED_GC_BCELL_DN,43,1089,12,31,0.279069767,LMO7;COL11A2;TFRC;CLCA1;SPATS2;CDK16;NTPCR;PXK;ATP13A2;STK11IP;HDLBP;EPHX1,1.84E-20,1.32E-16
C7_IMMUNOLOGIC_SIGNATURES,paml_universe_hugo,hist_sig_wg_hugo,GSE2770_TGFB_AND_IL4_VS_TGFB_AND_IL12_TREATED_ACT_CD4_TCELL_2H_UP,22,1089,4,18,0.181818182,RAP1GAP2;NDUFA10;CNTN3;CREB3L4,4.92E-08,0.000351515
C7_IMMUNOLOGIC_SIGNATURES,paml_universe_hugo,hist_sig_wg_hugo,GSE27786_ERYTHROBLAST_VS_NEUTROPHIL_DN,47,1089,16,31,0.340425532,ARF6;CSNK2B;CDC42EP2;OSBPL7;L1CAM;GPR108;NRBF2;RAB11A;GIT2;ARAP1;ATP13A2;PPP2R2A;ZCCHC8;AGFG1;CCDC62;WDR77,1.14E-27,8.17E-24
C7_IMMUNOLOGIC_SIGNATURES,paml_universe_hugo,hist_sig_wg_hugo,GSE27786_LIN_NEG_VS_ERYTHROBLAST_DN,39,1089,10,29,0.256410256,RAD54L;NDC80;SLC22A18;DAAM1;GRIK5;WIPI1;XK;KNTC1;ADCY5;SEZ6L,2.48E-17,1.77E-13
C7_IMMUNOLOGIC_SIGNATURES,paml_universe_hugo,hist_sig_wg_hugo,GSE27786_NEUTROPHIL_VS_MONO_MAC_DN,51,1089,9,42,0.176470588,RPS8;RPL18A;CCHCR1;NAA40;PTRHD1;HCFC1;GGA2;ZBTB48;PRICKLE2,5.52E-14,3.94E-10
C7_IMMUNOLOGIC_SIGNATURES,paml_universe_hugo,hist_sig_wg_hugo,GSE27859_DC_VS_CD11C_INT_F480_HI_MACROPHAGE_UP,48,1089,12,36,0.25,DNAJC2;EFR3A;NUP37;MORC3;SP2;GNL3;MTRR;ADA;SELP;SCAF11;CLNS1A;CPSF7,1.55E-19,1.11E-15
C7_IMMUNOLOGIC_SIGNATURES,paml_universe_hugo,hist_sig_wg_hugo,GSE2826_XID_VS_BTK_KO_BCELL_UP,57,1089,16,41,0.280701754,RAB12;SLC22A18;ACP5;SASS6;MAP4K1;YWHAQ;PGM2;PPP2R5A;LGALS4;PXK;EIF3G;DDX1;METAP2;ST8SIA2;ISL1;SLC44A1,3.40E-25,2.43E-21
C4_COMPUTATIONAL,paml_universe_hugo,hist_sig_wg_hugo,MODULE_220,76,1089,21,55,0.276315789,GSTP1;L1CAM;ARVCF;EPHB6;MAP4K1;SH3GL2;PAX7;PLXNA3;PLOD1;EDNRB;CXCR4;MYOM1;TLE1;ST8SIA2;ISL1;COL7A1;ADAM12;TBX2;PAX5;GHR;CD3G,3.07E-30,2.19E-26
C7_IMMUNOLOGIC_SIGNATURES,paml_universe_hugo,hist_sig_wg_hugo,GSE25088_CTRL_VS_IL4_AND_ROSIGLITAZONE_STIM_MACROPHAGE_UP,43,1089,11,32,0.255813953,CD2AP;TGFBI;RREB1;CPSF6;POLR3G;MLXIP;IRF1;METAP2;RARA;KLHL6;SSBP2,1.54E-18,1.10E-14
C7_IMMUNOLOGIC_SIGNATURES,paml_universe_hugo,hist_sig_wg_hugo,GSE3039_ALPHAALPHA_CD8_TCELL_VS_B2_BCELL_DN,37,1089,7,30,0.189189189,ATP6V0D2;RNF180;ECHDC3;WDR74;GOSR1;TMCC3;LZTS2,4.76E-12,3.40E-08
C7_IMMUNOLOGIC_SIGNATURES,paml_universe_hugo,hist_sig_wg_hugo,GSE3039_ALPHABETA_CD8_TCELL_VS_B1_BCELL_DN,48,1089,13,35,0.270833333,MKL2;KIF2A;LONRF3;PSMD1;SP2;GNL3;ACTN4;FADS3;PLEC;PPP2R2A;TIMM22;MECR;CTSZ,2.16E-21,1.54E-17
C7_IMMUNOLOGIC_SIGNATURES,paml_universe_hugo,hist_sig_wg_hugo,GSE3203_HEALTHY_VS_INFLUENZA_INFECTED_LN_BCELL_UP,42,1089,11,31,0.261904762,TSPAN13;PACSIN1;CEP120;PSKH1;PCSK6;RBM10;WIPI1;RAB28;SPATA24;PAX5;EPHX1,1.02E-18,7.30E-15
C7_IMMUNOLOGIC_SIGNATURES,paml_universe_hugo,hist_sig_wg_hugo,GSE32423_IL7_VS_IL4_MEMORY_CD8_TCELL_DN,45,1089,11,34,0.244444444,DBNL;SNRPA;NAA40;NTPCR;SLC25A34;NFYC;PHF5A;CIB1;BATF3;SDR42E1;GHR,3.35E-18,2.39E-14
C7_IMMUNOLOGIC_SIGNATURES,paml_universe_hugo,hist_sig_wg_hugo,GSE32423_MEMORY_VS_NAIVE_CD8_TCELL_IL7_IL4_UP,33,1089,10,23,0.303030303,IL18RAP;ECHDC3;NOD1;ALDH5A1;CA11;SLC34A3;NOTCH3;MYO6;PRKG1;TTLL6,1.50E-18,1.07E-14
C7_IMMUNOLOGIC_SIGNATURES,paml_universe_hugo,hist_sig_wg_hugo,GSE33292_DN3_THYMOCYTE_VS_TCF1_KO_TCELL_LYMPHOMA_DN,26,1089,7,19,0.269230769,TWF2;NEDD4;PINK1;E2F2;ADA;PLEC;LRRC9,1.26E-13,9.03E-10
C7_IMMUNOLOGIC_SIGNATURES,paml_universe_hugo,hist_sig_wg_hugo,GSE339_CD4POS_VS_CD8POS_DC_DN,53,1089,14,39,0.264150943,KIF2A;PHC2;CD2AP;FKBP1B;GATM;DNAJC10;CASP6;STX3;CAT;TBC1D23;DTNB;MANF;HIPK2;ETF1,2.64E-22,1.89E-18
C7_IMMUNOLOGIC_SIGNATURES,paml_universe_hugo,hist_sig_wg_hugo,GSE360_DC_VS_MAC_B_MALAYI_HIGH_DOSE_DN,35,1089,8,27,0.228571429,PSME2;TYMP;SLC9A1;LSS;KANK1;ARAP1;ADA;THOP1,3.82E-14,2.73E-10
C7_IMMUNOLOGIC_SIGNATURES,paml_universe_hugo,hist_sig_wg_hugo,GSE360_L_MAJOR_VS_B_MALAYI_LOW_DOSE_DC_UP,40,1089,9,31,0.225,PSME2;SYMPK;ZMYM2;MAPK9;MPP3;USP11;CXCR4;MYL2;PLK4,2.72E-15,1.95E-11
C7_IMMUNOLOGIC_SIGNATURES,paml_universe_hugo,hist_sig_wg_hugo,GSE36888_UNTREATED_VS_IL2_TREATED_TCELL_17H_DN,36,1089,6,30,0.166666667,CDC42EP2;TRIP10;ZBTB17;ETV5;FNDC3B;LIMK2,2.21E-10,1.58E-06
C7_IMMUNOLOGIC_SIGNATURES,paml_universe_hugo,hist_sig_wg_hugo,GSE3720_VD1_VS_VD2_GAMMADELTA_TCELL_WITH_PMA_STIM_DN,46,1089,15,31,0.326086957,MTMR1;ZMYM2;GABBR1;HMGCL;ARSA;TRIM24;ETV5;DNAJB14;TTC39C;PXK;ODF2L;PDE6D;SIRT7;MAPK3;KDM3B,7.89E-26,5.64E-22
C7_IMMUNOLOGIC_SIGNATURES,paml_universe_hugo,hist_sig_wg_hugo,GSE37301_LYMPHOID_PRIMED_MPP_VS_CD4_TCELL_DN,46,1089,15,31,0.326086957,MTMR1;SLC9A1;CPT1A;TRPM2;KIAA0319;CYB5R3;NAA40;MSRB2;C1orf123;ERCC3;NDRG3;NDUFA8;THOC7;LAMTOR2;PLK4,7.89E-26,5.64E-22
C7_IMMUNOLOGIC_SIGNATURES,paml_universe_hugo,hist_sig_wg_hugo,GSE37416_0H_VS_12H_F_TULARENSIS_LVS_NEUTROPHIL_DN,56,1089,12,44,0.214285714,SEC31A;RELA;RREB1;TFRC;SLC3A2;FUT11;STX6;GZF1;MEI1;STX4;TGM3;VDAC2,2.39E-18,1.71E-14
C7_IMMUNOLOGIC_SIGNATURES,paml_universe_hugo,hist_sig_wg_hugo,GSE37416_CTRL_VS_12H_F_TULARENSIS_LVS_NEUTROPHIL_DN,48,1089,19,29,0.395833333,PIK3CB;PHC2;TSPAN14;RELA;NARF;KDM4B;PSMA6;ETV5;CA11;ORC1;SLC3A2;FUT11;RELT;LGALS8;TBC1D22A;GZF1;DERL1;VDAC2;PER1,3.41E-34,2.44E-30
C7_IMMUNOLOGIC_SIGNATURES,paml_universe_hugo,hist_sig_wg_hugo,GSE37532_TREG_VS_TCONV_PPARG_KO_CD4_TCELL_FROM_LN_UP,55,1089,17,38,0.309090909,NDC80;RALBP1;CHFR;SASS6;HMGCL;HPSE;POLR2G;BCL7A;SDHB;CXCR4;CTDSP2;SCAF11;SPATA24;LBR;IDH2;BNIP2;TERF2,1.51E-27,1.08E-23
C7_IMMUNOLOGIC_SIGNATURES,paml_universe_hugo,hist_sig_wg_hugo,GSE37532_TREG_VS_TCONV_PPARG_KO_CD4_TCELL_FROM_VISCERAL_ADIPOSE_TISSUE_UP,47,1089,13,34,0.276595745,MTA2;PSMC2;PSMA6;GALE;INPP5D;TTC39C;BCL7A;KSR1;GSR;IPO9;THOP1;CTSZ;TG,1.37E-21,9.80E-18
C7_IMMUNOLOGIC_SIGNATURES,paml_universe_hugo,hist_sig_wg_hugo,GSE37563_WT_VS_CTLA4_KO_CD4_TCELL_D4_POST_IMMUNIZATION_UP,53,1089,20,33,0.377358491,HLTF;POMGNT1;EFR3A;ZDHHC17;MPP3;DNAJB4;REV3L;AHCYL1;KIF1B;LMBRD1;CEP97;LGALS8;IRF1;FAM174B;MEI1;RASA3;NCKAP1L;STX17;KLHL6;CDC73,1.65E-34,1.18E-30
C7_IMMUNOLOGIC_SIGNATURES,paml_universe_hugo,hist_sig_wg_hugo,GSE37605_FOXP3_FUSION_GFP_VS_IRES_GFP_TREG_C57BL6_DN,35,1089,9,26,0.257142857,DPEP1;CNKSR3;GZMA;PGGT1B;ECM1;MYO9A;ATP8A1;STX17;HSPB1,4.40E-16,3.14E-12
C7_IMMUNOLOGIC_SIGNATURES,paml_universe_hugo,hist_sig_wg_hugo,GSE37605_FOXP3_FUSION_GFP_VS_IRES_GFP_TREG_C57BL6_UP,43,1089,11,32,0.255813953,NAV3;KLHDC10;CNKSR3;EGFR;ST3GAL3;CHST15;UXS1;FOXN3;TMCC3;PER1;HOMER1,1.54E-18,1.10E-14
C7_IMMUNOLOGIC_SIGNATURES,paml_universe_hugo,hist_sig_wg_hugo,GSE39152_SPLEEN_CD103_NEG_VS_BRAIN_CD103_POS_MEMORY_CD8_TCELL_UP,54,1089,17,37,0.314814815,PTPRE;ACOT8;CHFR;TWF2;TGFBI;MATN2;INPP5D;UBE2I;ARFIP2;ATP13A2;PARN;COL4A2;WDR48;MAPK3;GPR37L1;ATP8A1;PTPRN,8.50E-28,6.07E-24
C7_IMMUNOLOGIC_SIGNATURES,paml_universe_hugo,hist_sig_wg_hugo,GSE3982_EFF_MEMORY_VS_CENT_MEMORY_CD4_TCELL_UP,46,1089,13,33,0.282608696,FOXA1;TRPM2;CSTF2;RAP1GAP2;KIAA1109;AGPAT4;CRLF1;ADA;GZMA;ISL1;STX4;LUZP1;DERL1,8.57E-22,6.13E-18
C7_IMMUNOLOGIC_SIGNATURES,paml_universe_hugo,hist_sig_wg_hugo,GSE3982_MAC_VS_NEUTROPHIL_LPS_STIM_UP,58,1089,15,43,0.25862069,TSPAN14;ABTB2;MIOS;AHCYL1;C1orf123;EIF3G;PHF10;ATIC;GOLGA5;CLNS1A;TIPIN;C10orf88;PHKB;SEPT8;TIA1,3.39E-23,2.42E-19
C7_IMMUNOLOGIC_SIGNATURES,paml_universe_hugo,hist_sig_wg_hugo,GSE40274_CTRL_VS_HELIOS_TRANSDUCED_ACTIVATED_CD4_TCELL_DN,36,1089,13,23,0.361111111,TOMM40;ATP6V0D2;IPO4;ABTB2;PSMD1;SLC3A2;NETO2;TMEM70;GOLGA5;PAXIP1;CHPF;TTLL6;HOMER1,1.92E-24,1.37E-20
C7_IMMUNOLOGIC_SIGNATURES,paml_universe_hugo,hist_sig_wg_hugo,GSE40274_FOXP3_VS_FOXP3_AND_SATB1_TRANSDUCED_ACTIVATED_CD4_TCELL_UP,26,1089,4,22,0.153846154,DBH;IGDCC4;PCDH12;APC2,1.16E-07,0.000828252
C7_IMMUNOLOGIC_SIGNATURES,paml_universe_hugo,hist_sig_wg_hugo,GSE40443_INDUCED_VS_TOTAL_TREG_UP,43,1089,13,30,0.302325581,MKL2;RALBP1;EPHB6;DUSP12;COL1A2;ETV5;TFRC;MCU;ADAM11;TIAM1;CCDC28B;EDARADD;TMCC3,1.85E-22,1.33E-18
C7_IMMUNOLOGIC_SIGNATURES,paml_universe_hugo,hist_sig_wg_hugo,GSE40666_UNTREATED_VS_IFNA_STIM_CD8_TCELL_90MIN_DN,43,1089,9,34,0.209302326,ALDH5A1;WDR46;TCHP;CAMK2G;AP1M1;ZNF367;PLEKHH1;PIGH;SMC5,6.92E-15,4.95E-11
C7_IMMUNOLOGIC_SIGNATURES,paml_universe_hugo,hist_sig_wg_hugo,GSE41176_WT_VS_TAK1_KO_ANTI_IGM_STIM_BCELL_24H_UP,54,1089,16,38,0.296296296,PSMD7;ATG4B;DEGS1;YWHAQ;GGA2;SLC3A2;PLEKHM2;RNF4;GSR;EZR;SQSTM1;ATF2;MANF;HDLBP;STRN;LMNA,7.65E-26,5.47E-22
C7_IMMUNOLOGIC_SIGNATURES,paml_universe_hugo,hist_sig_wg_hugo,GSE41176_WT_VS_TAK1_KO_ANTI_IGM_STIM_BCELL_6H_UP,47,1089,9,38,0.191489362,VSNL1;C1orf123;SEPT6;MYOM1;ADA;IRF1;SBNO2;FILIP1L;IRX3,2.08E-14,1.49E-10
C7_IMMUNOLOGIC_SIGNATURES,paml_universe_hugo,hist_sig_wg_hugo,GSE4142_PLASMA_CELL_VS_GC_BCELL_UP,55,1089,12,43,0.218181818,TSPAN14;NF2;MATN2;ATG16L1;AHCYL1;FBXW5;NISCH;PLEC;UNC5A;USP30;BRMS1L;DENND4B,1.76E-18,1.26E-14
C7_IMMUNOLOGIC_SIGNATURES,paml_universe_hugo,hist_sig_wg_hugo,GSE4142_PLASMA_CELL_VS_MEMORY_BCELL_DN,45,1089,18,27,0.4,ZNF777;LONRF3;SF3B4;KIAA0319;IPO11;TMEM201;CNKSR3;KIF1A;TP63;FBXW5;FABP3;PHF5A;ATIC;TIMM22;DUT;HNRNPD;ARID1A;ZMYND12,4.78E-33,3.41E-29
C7_IMMUNOLOGIC_SIGNATURES,paml_universe_hugo,hist_sig_wg_hugo,GSE41867_DAY6_VS_DAY15_LCMV_ARMSTRONG_EFFECTOR_CD8_TCELL_DN,31,1089,11,20,0.35483871,FBXO28;WNK1;MYLPF;UBE2I;LSM14A;PALM;PINK1;FAM118B;SEL1L3;KCTD20;NRF1,2.26E-21,1.61E-17
C7_IMMUNOLOGIC_SIGNATURES,paml_universe_hugo,hist_sig_wg_hugo,GSE42724_NAIVE_VS_B1_BCELL_DN,35,1089,8,27,0.228571429,NEURL2;PTRHD1;TIMMDC1;HLCS;DDB1;PREX1;VDAC2;GTF3C2,3.82E-14,2.73E-10
C2_CURATED,paml_universe_hugo,hist_sig_wg_hugo,REACTOME_METABOLISM_OF_PROTEINS,92,1089,21,71,0.22826087,EIF4H;RPS8;RPL18A;TOMM40;SEC31A;GANAB;FBXL5;ARSA;USP11;GRPEL1;FBXW5;ST3GAL3;EIF3G;RPS16;DPAGT1;ARFGEF2;ST8SIA2;TIMM22;EIF1AX;PIGH;ETF1,1.49E-27,1.06E-23
C7_IMMUNOLOGIC_SIGNATURES,paml_universe_hugo,hist_sig_wg_hugo,GSE43863_DAY6_EFF_VS_DAY150_MEM_LY6C_INT_CXCR5POS_CD4_TCELL_UP,51,1089,12,39,0.235294118,TSPAN14;L1CAM;CTSA;INPP5D;CAMK2G;GRAMD4;GIGYF1;MAST3;CNKSR1;CHST15;PER1;EPHX1,4.68E-19,3.35E-15
C7_IMMUNOLOGIC_SIGNATURES,paml_universe_hugo,hist_sig_wg_hugo,GSE43863_TH1_VS_TFH_MEMORY_CD4_TCELL_UP,52,1089,15,37,0.288461538,GRHL1;FASN;SF3B4;MYO19;MIOS;MTRR;MAK16;PPP6C;MLLT1;RBM15B;AGFG1;THOP1;ETF1;WDR77;HOMER1,2.27E-24,1.62E-20
C7_IMMUNOLOGIC_SIGNATURES,paml_universe_hugo,hist_sig_wg_hugo,GSE43955_1H_VS_60H_ACT_CD4_TCELL_UP,48,1089,14,34,0.291666667,PRDX5;SNRPA;MAP3K11;DEGS1;RETSAT;WDR92;ARPC1A;EIF1AX;AGFG1;NDUFA8;RER1;CHRNG;TRPV2;PLK4,2.59E-23,1.85E-19
C7_IMMUNOLOGIC_SIGNATURES,paml_universe_hugo,hist_sig_wg_hugo,GSE44649_NAIVE_VS_ACTIVATED_CD8_TCELL_UP,55,1089,11,44,0.2,STXBP2;DNAJC10;ATG16L1;RREB1;POLR2G;CDK5RAP3;VARS;NTPCR;MAST3;EPS15L1;PCDH12,8.14E-17,5.82E-13
C7_IMMUNOLOGIC_SIGNATURES,paml_universe_hugo,hist_sig_wg_hugo,GSE45365_CTRL_VS_MCMV_INFECTION_NK_CELL_DN,50,1089,11,39,0.22,CSNK2B;REC8;GSTP1;SCRN1;SYBU;RSPO4;PIGH;DERL1;NEK1;COL4A4;SMARCAL1,1.87E-17,1.34E-13
C7_IMMUNOLOGIC_SIGNATURES,paml_universe_hugo,hist_sig_wg_hugo,GSE45365_HEALTHY_VS_MCMV_INFECTION_CD8A_DC_UP,51,1089,15,36,0.294117647,MTMR1;KIF2A;ECHDC3;NFRKB;YWHAQ;MC4R;GGA2;TBC1D22A;WIPI1;ATIC;SGSM2;METTL16;WDR77;ARID1A;TERF2,1.37E-24,9.77E-21
C7_IMMUNOLOGIC_SIGNATURES,paml_universe_hugo,hist_sig_wg_hugo,GSE45365_NK_CELL_VS_CD11B_DC_MCMV_INFECTION_UP,41,1089,14,27,0.341463415,ERCC8;ARVCF;CLIP2;POLR3G;BCL7A;JMJD4;GZMA;COL4A2;CEP164;PAXIP1;AGFG1;HIPK2;TIPIN;SH3TC2,4.08E-25,2.92E-21
C7_IMMUNOLOGIC_SIGNATURES,paml_universe_hugo,hist_sig_wg_hugo,GSE45365_NK_CELL_VS_CD11B_DC_UP,33,1089,11,22,0.333333333,METTL17;MOV10L1;L3MBTL2;XK;DTNB;CDC14B;RIMS4;ISL1;KCNK12;ARID3A;LZTS2,9.30E-21,6.65E-17
C7_IMMUNOLOGIC_SIGNATURES,paml_universe_hugo,hist_sig_wg_hugo,GSE45365_NK_CELL_VS_CD8A_DC_DN,34,1089,11,23,0.323529412,MYPOP;CNTN1;RAP1GAP2;ENPP6;FZD4;SLC29A2;CBFA2T3;RIMS4;CENPM;TBX2;LRRC36,1.76E-20,1.26E-16
C7_IMMUNOLOGIC_SIGNATURES,paml_universe_hugo,hist_sig_wg_hugo,GSE45382_UNTREATED_VS_TGFB_TREATED_MACROPHAGES_UP,47,1089,8,39,0.170212766,NAT10;HCFC2;MIOS;INPP5D;PNPO;GRAMD4;CHPT1;MPPE1,9.70E-13,6.94E-09
C7_IMMUNOLOGIC_SIGNATURES,paml_universe_hugo,hist_sig_wg_hugo,GSE46606_DAY1_VS_DAY3_CD40L_IL2_IL5_STIMULATED_BCELL_UP,25,1089,4,21,0.16,GRM6;NCOA4;MYOM1;SEL1L3,9.51E-08,0.000680109
C7_IMMUNOLOGIC_SIGNATURES,paml_universe_hugo,hist_sig_wg_hugo,GSE46606_UNSTIM_VS_CD40L_IL2_IL5_1DAY_STIMULATED_IRF4MID_SORTED_BCELL_UP,48,1089,9,39,0.1875,DNAJC2;ANXA11;RAB11A;RAB11B;PPP2R5A;CXCR4;DHX9;TRAFD1;METAP2,2.69E-14,1.92E-10
C7_IMMUNOLOGIC_SIGNATURES,paml_universe_hugo,hist_sig_wg_hugo,GSE46606_UNSTIM_VS_CD40L_IL2_IL5_DAY3_STIMULATED_BCELL_DN,43,1089,12,31,0.279069767,KIF2A;POMGNT1;CHSY1;GNL3;FNDC3B;WDR46;TET3;GRPEL1;CBFB;BATF3;CLIP4;CPSF7,1.84E-20,1.32E-16
C7_IMMUNOLOGIC_SIGNATURES,paml_universe_hugo,hist_sig_wg_hugo,GSE4984_UNTREATED_VS_VEHICLE_CTRL_TREATED_DC_DN,41,1089,9,32,0.219512195,ARHGEF16;ESPN;HMGCL;TMEM165;GSR;METAP2;HSPB6;RTKN2;PSMD6,3.76E-15,2.69E-11
C7_IMMUNOLOGIC_SIGNATURES,paml_universe_hugo,hist_sig_wg_hugo,GSE5099_MONOCYTE_VS_CLASSICAL_M1_MACROPHAGE_UP,49,1089,10,39,0.204081633,CCHCR1;RAB12;NDFIP1;FBXO41;SIN3B;PCSK6;SERINC3;NAPB;EZR;SEZ6L,7.20E-16,5.15E-12
C7_IMMUNOLOGIC_SIGNATURES,paml_universe_hugo,hist_sig_wg_hugo,GSE5142_CTRL_VS_HTERT_TRANSDUCED_CD8_TCELL_EARLY_PASSAGE_CLONE_DN,55,1089,13,42,0.236363636,CALB2;TSPAN14;CADM3;CAPN1;NAT10;KIF1B;SEPT6;ADA;ERP29;DPH1;SEMA6A;IBTK;GPR18,3.44E-20,2.46E-16
C7_IMMUNOLOGIC_SIGNATURES,paml_universe_hugo,hist_sig_wg_hugo,GSE5455_HEALTHY_VS_TUMOR_BEARING_MOUSE_SPLEEN_MONOCYTE_UP,34,1089,5,29,0.147058824,ECHDC3;HCFC2;KSR1;GZF1;SH3RF1,8.23E-09,5.89E-05
C7_IMMUNOLOGIC_SIGNATURES,paml_universe_hugo,hist_sig_wg_hugo,GSE14769_20MIN_VS_360MIN_LPS_BMDM_DN,34,1089,7,27,0.205882353,GDAP2;AFF1;HCFC2;METTL6;TTC39C;MOV10L1;TP63,2.12E-12,1.51E-08
C7_IMMUNOLOGIC_SIGNATURES,paml_universe_hugo,hist_sig_wg_hugo,GSE17721_CTRL_VS_PAM3CSK4_6H_BMDC_UP,50,1089,10,40,0.2,HMGCL;PARP3;MRPL28;MKNK2;DNMBP;SLC25A35;NCKIPSD;RGS10;SSBP2;LZTS2,9.51E-16,6.80E-12
C7_IMMUNOLOGIC_SIGNATURES,paml_universe_hugo,hist_sig_wg_hugo,GSE5589_IL6_KO_VS_IL10_KO_LPS_AND_IL6_STIM_MACROPHAGE_45MIN_DN,44,1089,12,32,0.272727273,MTDH;TMEM165;TIAM1;ZDHHC24;GZMA;AHCYL2;KTN1;HIPK2;BATF3;COL4A4;LARP4B;EPHX1,2.91E-20,2.08E-16
C7_IMMUNOLOGIC_SIGNATURES,paml_universe_hugo,hist_sig_wg_hugo,GSE5589_IL6_KO_VS_IL10_KO_LPS_STIM_MACROPHAGE_180MIN_DN,43,1089,10,33,0.23255814,REC8;ACP5;NEDD4;INPP5D;LGALS4;TBC1D22A;DDX24;RASA3;BBOX1;STK11IP,1.11E-16,7.91E-13
C7_IMMUNOLOGIC_SIGNATURES,paml_universe_hugo,hist_sig_wg_hugo,GSE6259_33D1_POS_VS_DEC205_POS_SPLENIC_DC_DN,33,1089,14,19,0.424242424,KCNH5;RAB38;HMGCL;TTC39C;SETDB2;LRIG2;DDX1;HIPK2;C10orf88;TNS3;HAS3;RGS10;SH3RF1;CTSZ,2.62E-28,1.87E-24
C7_IMMUNOLOGIC_SIGNATURES,paml_universe_hugo,hist_sig_wg_hugo,GSE6259_BCELL_VS_CD8_TCELL_UP,36,1089,9,27,0.25,PRDX5;RAB38;HMGCL;TTC39C;SETDB2;LRRC47;KIF5C;HAS3;RGS10,6.54E-16,4.68E-12
C7_IMMUNOLOGIC_SIGNATURES,paml_universe_hugo,hist_sig_wg_hugo,GSE6566_STRONG_VS_WEAK_DC_STIMULATED_CD4_TCELL_UP,25,1089,3,22,0.12,KITLG;RIMS4;HAS3,6.76E-06,0.048300173
C7_IMMUNOLOGIC_SIGNATURES,paml_universe_hugo,hist_sig_wg_hugo,GSE7459_UNTREATED_VS_IL6_TREATED_ACT_CD4_TCELL_DN,32,1089,11,21,0.34375,TM4SF5;DNAJC10;CTNNA1;SPATS2;SLC30A2;NOS1;UNC5B;FAM118B;CTDSP2;RBPMS;ECM1,4.69E-21,3.36E-17
C7_IMMUNOLOGIC_SIGNATURES,paml_universe_hugo,hist_sig_wg_hugo,GSE7568_CTRL_VS_24H_TGFB_TREATED_MACROPHAGES_WITH_IL4_AND_DEXAMETHASONE_UP,49,1089,18,31,0.367346939,IL18RAP;KIF2A;EFR3A;CNRIP1;DNAJC10;CTNNA1;COL4A3BP;POLR3G;RNF169;ATP13A2;PDE7B;DPH1;HLCS;CD53;STX4;TMCC3;ATP8A1;MECR,1.97E-31,1.41E-27
C7_IMMUNOLOGIC_SIGNATURES,paml_universe_hugo,hist_sig_wg_hugo,GSE7831_1H_VS_4H_CPG_STIM_PDC_UP,59,1089,13,46,0.220338983,REC8;GRIPAP1;ZDHHC17;FBXL5;HCFC2;ACAD10;APBB1;MSRB2;LRIG2;TRAFD1;NDRG3;CBFA2T3;SEPT8,1.31E-19,9.36E-16
C7_IMMUNOLOGIC_SIGNATURES,paml_universe_hugo,hist_sig_wg_hugo,GSE7831_1H_VS_4H_INFLUENZA_STIM_PDC_UP,43,1089,11,32,0.255813953,REC8;RELA;DBNL;TGFBI;TTC38;HMGCL;LMBRD1;COL4A2;PPARGC1A;EPB41;LUZP1,1.54E-18,1.10E-14
C7_IMMUNOLOGIC_SIGNATURES,paml_universe_hugo,hist_sig_wg_hugo,GSE7852_LN_VS_FAT_TCONV_DN,51,1089,11,40,0.215686275,RAP1GAP2;CTNNA1;NEDD4;AGPAT4;STX3;TTC39C;ORC1;CXCR4;CYB561;CASS4;SLC25A28,2.55E-17,1.82E-13
C7_IMMUNOLOGIC_SIGNATURES,paml_universe_hugo,hist_sig_wg_hugo,GSE7852_LN_VS_FAT_TREG_UP,57,1089,11,46,0.192982456,CSTF2;ACP5;AASDH;FGD6;FAM118A;CEP97;ADAMTS6;FAM174B;NSUN2;STRN;WDR77,1.39E-16,9.93E-13
C7_IMMUNOLOGIC_SIGNATURES,paml_universe_hugo,hist_sig_wg_hugo,GSE7852_LN_VS_THYMUS_TREG_UP,44,1089,11,33,0.25,REC8;OSBPL7;TTC7A;FGD6;UBASH3B;PARP3;KIF5C;PACS1;BCLAF1;FOXN3;SEPT8,2.29E-18,1.64E-14
C7_IMMUNOLOGIC_SIGNATURES,paml_universe_hugo,hist_sig_wg_hugo,GSE7852_TREG_VS_TCONV_LN_DN,45,1089,8,37,0.177777778,GRIPAP1;LSS;POLE2;RAPGEF4;KCNK12;IBTK;LYPD6B;GABRR2,6.18E-13,4.42E-09
C7_IMMUNOLOGIC_SIGNATURES,paml_universe_hugo,hist_sig_wg_hugo,GSE7852_TREG_VS_TCONV_THYMUS_DN,43,1089,10,33,0.23255814,RREB1;REV3L;RAPGEF4;SLC38A9;HINFP;CTDSP2;EPB41;GPR18;ATP8A1;LYPD6B,1.11E-16,7.91E-13
C7_IMMUNOLOGIC_SIGNATURES,paml_universe_hugo,hist_sig_wg_hugo,GSE8621_UNSTIM_VS_LPS_STIM_MACROPHAGE_UP,38,1089,11,27,0.289473684,NEDD4;CC2D2A;PCSK6;SERINC3;ATP13A2;WIPI1;COL4A2;ATIC;NCKAP1L;THOP1;SEPT8,1.64E-19,1.17E-15
C7_IMMUNOLOGIC_SIGNATURES,paml_universe_hugo,hist_sig_wg_hugo,GSE20727_ROS_INH_VS_ROS_INH_AND_DNFB_ALLERGEN_TREATED_DC_UP,40,1089,8,32,0.2,ANKS1A;RELT;ATP13A2;CD53;AGFG1;GPR18;STK35;TRPV2,1.74E-13,1.25E-09
C2_CURATED,paml_universe_hugo,hist_sig_wg_hugo,LENAOUR_DENDRITIC_CELL_MATURATION_DN,35,1089,7,28,0.2,SF3B4;NCOA4;STAB1;GSR;NFYC;CORO1A;SNX17,2.80E-12,2.00E-08
C7_IMMUNOLOGIC_SIGNATURES,paml_universe_hugo,hist_sig_wg_hugo,GSE8921_UNSTIM_VS_TLR1_2_STIM_MONOCYTE_6H_UP,49,1089,10,39,0.204081633,ATP6V0D2;IPO4;DNAJB4;RAPGEF4;MSRB2;CNKSR3;CTDSP2;TEX10;LYPD6B;EPHX1,7.20E-16,5.15E-12
C7_IMMUNOLOGIC_SIGNATURES,paml_universe_hugo,hist_sig_wg_hugo,GSE9239_CTRL_VS_TNF_INHIBITOR_TREATED_DC_DN,44,1089,12,32,0.272727273,MYO19;METTL6;SEPT6;ADA;PHF5A;SPATA24;AGFG1;BRMS1L;MYEF2;TXNRD3;THOP1;PAX5,2.91E-20,2.08E-16
C7_IMMUNOLOGIC_SIGNATURES,paml_universe_hugo,hist_sig_wg_hugo,GSE9316_IL6_KO_VS_IFNG_KO_INVIVO_EXPANDED_CD4_TCELL_UP,48,1089,11,37,0.229166667,NDFIP1;LIPA;TGFBI;GGA2;MSRB2;CAT;CUX1;CTDSP2;ABCA7;CLASP1;LAMTOR2,9.72E-18,6.95E-14
C7_IMMUNOLOGIC_SIGNATURES,paml_universe_hugo,hist_sig_wg_hugo,GSE9946_LISTERIA_INF_MATURE_VS_PROSTAGLANDINE2_TREATED_MATURE_DC_DN,23,1089,3,20,0.130434783,COPZ2;SLC34A3;EGFR,5.03E-06,0.035948641
HALLMARK,paml_universe_hugo,hist_sig_wg_hugo,HALLMARK_HYPOXIA,43,1089,9,34,0.209302326,PRDX5;TGFBI;WSB1;CASP6;PGM2;CXCR4;EGFR;PPARGC1A;HDLBP,6.92E-15,4.95E-11
HALLMARK,paml_universe_hugo,hist_sig_wg_hugo,HALLMARK_MYC_TARGETS_V2,20,1089,7,13,0.35,UTP20;IPO4;PHB;GNL3;WDR74;SLC29A2;PLK4,4.47E-15,3.19E-11
HALLMARK,paml_universe_hugo,hist_sig_wg_hugo,HALLMARK_XENOBIOTIC_METABOLISM,54,1089,13,41,0.240740741,ENPEP;TAT;CASP6;RETSAT;PC;CAT;SLC12A4;PINK1;GART;GSR;NPC1;LEAP2;EPHX1,2.40E-20,1.72E-16
C2_CURATED,paml_universe_hugo,hist_sig_wg_hugo,HUANG_FOXA2_TARGETS_UP,17,1089,6,11,0.352941176,CADPS2;HLCS;RBPMS;CLIP4;PAX5;HOMER1,1.90E-13,1.36E-09
C2_CURATED,paml_universe_hugo,hist_sig_wg_hugo,JIANG_VHL_TARGETS,32,1089,12,20,0.375,CAPN1;TRIP10;FBXL5;RAB11A;SLC3A2;MRPS36;IRF1;EIF3G;ABCB8;PRKCH;ARFGEF2;PITRM1,1.85E-23,1.32E-19
C2_CURATED,paml_universe_hugo,hist_sig_wg_hugo,KANG_GIST_WITH_PDGFRA_UP,11,1089,3,8,0.272727273,RAB38;TGFBI;PDE7B,2.55E-07,0.00182454
C2_CURATED,paml_universe_hugo,hist_sig_wg_hugo,KARLSSON_TGFB1_TARGETS_UP,32,1089,6,26,0.1875,GNL3;MAK16;NAA25;NSUN2;DLAT;WDR77,8.74E-11,6.25E-07
C2_CURATED,paml_universe_hugo,hist_sig_wg_hugo,KEGG_GAP_JUNCTION,23,1089,4,19,0.173913043,EGFR;MAPK3;ADCY5;PRKG1,6.21E-08,0.000443645
C2_CURATED,paml_universe_hugo,hist_sig_wg_hugo,KEGG_GNRH_SIGNALING_PATHWAY,27,1089,5,22,0.185185185,MAPK9;CAMK2G;EGFR;MAPK3;ADCY5,1.88E-09,1.35E-05
C4_COMPUTATIONAL,contemporary_universe_hugo,contemporary_sel_hugo,MORF_RBBP8,59,112,9,50,0.152542373,FCHO1;JAK3;BMS1;DPYSL4;PEX6;BPHL;DOK1;PCGF1;GRIP2,1.48E-05,0.153797467
C2_CURATED,contemporary_universe_hugo,contemporary_sel_hugo,LENAOUR_DENDRITIC_CELL_MATURATION_DN,28,112,4,24,0.142857143,KYNU;PPP2R5D;SLC11A1;DOK1,0.000779385,1
C2_CURATED,paml_universe_hugo,hist_sig_wg_hugo,MAGRANGEAS_MULTIPLE_MYELOMA_IGLL_VS_IGLK_UP,12,1089,5,7,0.416666667,CSNK2A2;ZMYM2;SH3GL2;PLXNB3;SLC44A1,1.61E-12,1.15E-08
C2_CURATED,paml_universe_hugo,hist_sig_wg_hugo,MEISSNER_BRAIN_HCP_WITH_H3K27ME3,50,1089,14,36,0.28,SLC18A3;CALB2;UNCX;ESPN;PAX7;CELSR1;GAL;DMRT1;ALX3;CRLF1;SLC30A2;NOTCH3;TCFL5;RSPO4,6.90E-23,4.93E-19
C2_CURATED,paml_universe_hugo,hist_sig_wg_hugo,MIKKELSEN_ES_ICP_WITH_H3K4ME3,162,1089,38,124,0.234567901,RAD54L;DNASE1L1;RASGRP4;ECHDC3;KCND1;OSBPL7;LIPA;CAPN1;CPT1B;SLC22A18;NUDT22;MTMR11;PPP2R3C;FUNDC2;FUT1;AXL;GALE;AGPAT4;SCARF1;GOSR1;PPP1R42;HSPA1L;TTC26;SLC44A4;CCDC28B;GRIK5;TMC4;AGMAT;CNKSR1;HSPB6;KCTD20;USP49;COL7A1;SH3TC2;ZFYVE26;CHRNG;TRPV2;SMARCAL1,7.26E-41,5.19E-37
C2_CURATED,paml_universe_hugo,hist_sig_wg_hugo,MIKKELSEN_MEF_HCP_WITH_H3_UNMETHYLATED,34,1089,6,28,0.176470588,REC8;ARHGAP4;GDAP1;NOS1;GIGYF1;ARX,1.42E-10,1.01E-06
C2_CURATED,paml_universe_hugo,hist_sig_wg_hugo,MIKKELSEN_NPC_ICP_WITH_H3K4ME3,112,1089,27,85,0.241071429,RAD54L;MKL2;DNASE1L1;NAV3;OSBPL7;LIPA;CAPN1;NUDT22;PPP2R3C;FUNDC2;AXL;GALE;CC2D2A;AGPAT4;GOSR1;HSPA1L;TTC26;CCDC28B;GRIK5;ADAMTS6;HSPB6;KCTD20;PPARGC1A;USP49;CORO1A;ZFYVE26;SMARCAL1,2.13E-33,1.52E-29
C4_COMPUTATIONAL,paml_universe_hugo,hist_sig_wg_hugo,MODULE_120,11,1089,6,5,0.545454545,TRIP10;EDC4;GPR176;PRKCH;ARPC1A;EPB41,0,0
C4_COMPUTATIONAL,paml_universe_hugo,hist_sig_wg_hugo,MODULE_147,34,1089,17,17,0.5,RHAG;FKBP1B;SLC9A1;NF2;GATM;KLHDC10;NUP54;PSMD2;CC2D2A;LSM14A;CHRNA1;RNF4;ADA;NXN;THOP1;MTMR2;LEAP2,7.26E-38,5.19E-34
C4_COMPUTATIONAL,paml_universe_hugo,hist_sig_wg_hugo,MODULE_15,82,1089,23,59,0.280487805,POLA2;CCHCR1;PIM2;LIPA;SF3A1;PSMC2;MAP4K1;ARHGAP4;CLIP2;TFRC;INPP5D;EDC4;RAB11A;SEPT6;CXCR4;ADA;CD53;CORO1A;BNIP2;RGS10;TSPAN3;MME;HTR4,1.95E-32,1.39E-28
C4_COMPUTATIONAL,paml_universe_hugo,hist_sig_wg_hugo,MODULE_163,124,1089,32,92,0.258064516,NDC80;ZNF777;CCHCR1;TYMP;CHFR;ATP10D;SAG;DNAJC10;KIAA0319;FBXL5;MAPK9;POLE2;MXRA8;GIT2;WDR46;UPF3B;RBM42;PLA2R1;HMBS;STX1B;TMCC3;TGM3;BBOX1;METTL16;CELSR3;BAAT;MYL2;FOXF2;SLC25A28;COL4A4;SH3RF1;PER1,1.11E-38,7.96E-35
C4_COMPUTATIONAL,contemporary_universe_hugo,contemporary_sel_hugo,MORF_PPP5C,28,112,4,24,0.142857143,MEA1;BPHL;PCGF1;GRIP2,0.000779385,1
C7_IMMUNOLOGIC_SIGNATURES,contemporary_universe_hugo,contemporary_sel_hugo,GSE20727_ROS_INH_VS_ROS_INH_AND_DNFB_ALLERGEN_TREATED_DC_UP,43,112,6,37,0.139534884,JAK3;PLEKHA3;MEA1;TUBB2A;PNKD;COQ10B,0.000169382,1
C4_COMPUTATIONAL,paml_universe_hugo,hist_sig_wg_hugo,MODULE_334,33,1089,9,24,0.272727273,KCND1;ATG16L1;NUMA1;ERCC3;SLC12A4;LGALS8;SNED1;GCGR;LIMK2,1.87E-16,1.34E-12
C4_COMPUTATIONAL,paml_universe_hugo,hist_sig_wg_hugo,MODULE_45,120,1089,32,88,0.266666667,SLC18A3;PTPRE;CCHCR1;TYMP;PIM2;CADPS2;LIPA;TGFBI;MAP4K1;ARHGAP4;INPP5D;EDC4;GIT2;ARAP1;AP1M1;CXCR4;STAB1;MAST3;NFYC;IRF1;CHST15;GZMA;SBNO2;CD53;CORO1A;DENND4B;MYEF2;LIMK2;RGS10;ARID3A;MME;HTR4,2.17E-39,1.55E-35
C4_COMPUTATIONAL,paml_universe_hugo,hist_sig_wg_hugo,MODULE_60,83,1089,23,60,0.277108434,POLA2;TYMP;ARHGEF16;CRYM;TRPM2;TGFBI;RHOD;COL1A2;EDC4;STAB1;NOTCH3;MYOM1;PLEC;CNKSR1;RBPMS;SBNO2;CORO1A;CHPF;CELSR3;MYL2;PER1;HTR4;EPHX1,3.09E-32,2.21E-28
C4_COMPUTATIONAL,paml_universe_hugo,hist_sig_wg_hugo,MODULE_7,46,1089,13,33,0.282608696,ERCC8;PIM2;ZBTB24;CSTF2;MPP3;FAM131B;PLXNA3;GGA2;ADA;MLLT1;ARID3A;ARID1A;HTR4,8.57E-22,6.13E-18
C4_COMPUTATIONAL,paml_universe_hugo,hist_sig_wg_hugo,MODULE_95,124,1089,32,92,0.258064516,NDC80;ZNF777;CCHCR1;TYMP;CHFR;ATP10D;SAG;DNAJC10;KIAA0319;FBXL5;MAPK9;POLE2;MXRA8;GIT2;WDR46;UPF3B;RBM42;PLA2R1;HMBS;STX1B;TMCC3;TGM3;BBOX1;METTL16;CELSR3;BAAT;MYL2;FOXF2;SLC25A28;COL4A4;SH3RF1;PER1,1.11E-38,7.96E-35
C4_COMPUTATIONAL,paml_universe_hugo,hist_sig_wg_hugo,MODULE_99,78,1089,23,55,0.294871795,KCND1;RFX3;SLC22A18;CLCN2;APBB1;STAM2;CRLF1;E2F2;F5;HSPB6;PLA2R1;SLC16A4;BBOX1;FILIP1L;CNTN5;KCNS1;BFSP2;STRN;TADA2A;PDYN;CTSZ;GABRR2;EPHX1,2.73E-33,1.95E-29
C2_CURATED,paml_universe_hugo,hist_sig_wg_hugo,MOOTHA_HUMAN_MITODB_6_2002,112,1089,35,77,0.3125,NCAPH2;RPL18A;TOMM40;ACSL4;DNM1L;NDUFV2;DECR1;CPT1A;GATM;TAT;NDUFA10;CYB5R3;HMGCL;CYBA;PC;HSPA1L;SDHB;MRPL20;GSR;ABCB8;SARDH;HLCS;SBNO2;TIMM22;NDUFA8;NRF1;TOMM34;IDH2;VDAC2;COX15;SLC25A28;DLAT;DUT;TFB1M;CA5B,8.01E-46,5.73E-42
C2_CURATED,paml_universe_hugo,hist_sig_wg_hugo,MOOTHA_MITOCHONDRIA,111,1089,33,78,0.297297297,NCAPH2;TOMM40;TYMP;DNM1L;NDUFV2;DECR1;CPT1A;GATM;TAT;NDUFA10;CYB5R3;HMGCL;CYBA;METTL17;PC;MRPL28;CAT;SDHB;MRPL20;ABCB8;SARDH;SBNO2;TIMM22;NDUFA8;TOMM34;IDH2;VDAC2;COX15;SLC25A28;DLAT;DUT;TFB1M;CA5B,9.15E-43,6.54E-39
C2_CURATED,paml_universe_hugo,hist_sig_wg_hugo,MOOTHA_PGC,98,1089,24,74,0.244897959,TOMM40;TYMP;TWF2;NDUFV2;CPT1A;ARVCF;RHOD;CHRNE;PSMA6;TFRC;MXRA8;SACM1L;LMBRD1;GRPEL1;SDHB;MRPL20;FABP3;NFYC;FZD4;MANF;COL7A1;NDUFA8;IDH2;MYL2,3.68E-31,2.63E-27
C2_CURATED,paml_universe_hugo,hist_sig_wg_hugo,MOREAUX_MULTIPLE_MYELOMA_BY_TACI_UP,91,1089,33,58,0.362637363,CALB2;FOXA1;VGLL3;ARHGEF16;CRYM;GABBR1;EPHB6;CHRNE;SPATA2L;COL11A2;ACAD10;MPP3;GGA2;RAB11B;MXRA8;ADAM11;MRPL28;PINK1;EGFR;NOS1;LGALS8;HLCS;MCM8;ATP1B4;SGSM2;LUZP1;HDLBP;MAU2;FOXF2;CACNA1I;RHPN1;HTR4;LMNA,2.61E-48,1.87E-44
C4_COMPUTATIONAL,paml_universe_hugo,hist_sig_wg_hugo,MORF_BCL2,49,1089,19,30,0.387755102,PIK3CB;TM4SF5;NFRKB;PAX7;CLOCK;TIE1;ADAM15;SLC6A9;CAMK2G;SLC12A4;GRIK5;KLHL18;TBC1D22A;KCTD20;PAXIP1;SH2B1;NCKIPSD;SEZ6L;HTR4,9.15E-34,6.54E-30
C4_COMPUTATIONAL,contemporary_universe_hugo,contemporary_sel_hugo,MORF_CDC2L5,43,112,6,37,0.139534884,JAK3;PEX6;BPHL;DOK1;PCGF1;GRIP2,0.000169382,1
C7_IMMUNOLOGIC_SIGNATURES,contemporary_universe_hugo,contemporary_sel_hugo,GSE8685_IL2_ACT_IL2_STARVED_VS_IL21_ACT_IL2_STARVED_CD4_TCELL_DN,29,112,4,25,0.137931034,SLC2A5;PRSS35;RTKN;GRIP2,0.000900749,1
C4_COMPUTATIONAL,paml_universe_hugo,hist_sig_wg_hugo,MORF_DDB1,76,1089,27,49,0.355263158,HLTF;ERCC2;SEC31A;NFRKB;EML3;PHB;YWHAQ;PSMD2;NCOR2;ADAM15;STX3;AHCYL1;ACTN4;VARS;KPNA6;MRPL28;PARN;PDE6D;ABR;PRDX4;CIB1;TOMM34;DDB1;KDM3B;SMC5;SH2B1;GNL2,2.25E-41,1.61E-37
C7_IMMUNOLOGIC_SIGNATURES,contemporary_universe_hugo,contemporary_sel_hugo,GSE17721_CTRL_VS_PAM3CSK4_6H_BMDC_UP,37,112,5,32,0.135135135,CUTA;B3GNT3;LZTS2;BPHL;CTDSP1,0.000418654,1
C4_COMPUTATIONAL,contemporary_universe_hugo,contemporary_sel_hugo,MORF_ERCC2,37,112,5,32,0.135135135,PEX6;BPHL;DOK1;PCGF1;GRIP2,0.000418654,1
C7_IMMUNOLOGIC_SIGNATURES,contemporary_universe_hugo,contemporary_sel_hugo,GSE42724_NAIVE_VS_B1_BCELL_DN,38,112,5,33,0.131578947,SRP72;JAKMIP3;MEA1;TMCC2;NDUFS3,0.000476399,1
C4_COMPUTATIONAL,contemporary_universe_hugo,contemporary_sel_hugo,MORF_RAGE,39,112,5,34,0.128205128,JAK3;BPHL;DOK1;PCGF1;GRIP2,0.000539409,1
C4_COMPUTATIONAL,paml_universe_hugo,hist_sig_wg_hugo,MORF_FDXR,57,1089,22,35,0.385964912,PIK3CB;TM4SF5;ERCC2;NFRKB;RTN2;EML3;KLHDC10;PHB;CLOCK;ADAM15;SLC6A9;CAMK2G;SLC12A4;PARN;GRIK5;KLHL18;TBC1D22A;PAXIP1;DDB1;SH2B1;NCKIPSD;HTR4,1.56E-37,1.11E-33
C4_COMPUTATIONAL,paml_universe_hugo,hist_sig_wg_hugo,MORF_GNB1,94,1089,27,67,0.287234043,MTDH;EIF4H;POLA2;CSNK2B;SF3A1;SNRPA;MAP3K11;GANAB;YWHAQ;NCOR2;HNRNPM;AHCYL1;EDC4;PTDSS1;HCFC1;SDHB;RNF4;GUSB;ERP29;TM9SF2;CBFB;EIF1AX;VDAC2;THOP1;DUT;HNRNPD;PPP1CC,1.21E-36,8.66E-33
C4_COMPUTATIONAL,paml_universe_hugo,hist_sig_wg_hugo,MORF_HEAB,23,1089,8,15,0.347826087,ERCC2;NFRKB;EML3;GRIK5;KLHL18;SH2B1;NCKIPSD;HTR4,1.21E-16,8.62E-13
C4_COMPUTATIONAL,paml_universe_hugo,hist_sig_wg_hugo,MORF_JAG1,19,1089,10,9,0.526315789,PIK3CB;CLOCK;GRIK5;KLHL18;TBC1D22A;PAXIP1;SH2B1;NCKIPSD;SEZ6L;HTR4,0,0
C4_COMPUTATIONAL,paml_universe_hugo,hist_sig_wg_hugo,MORF_JAK3,24,1089,14,10,0.583333333,PIK3CB;TM4SF5;NFRKB;ADAM15;SLC6A9;CAMK2G;SLC12A4;GRIK5;KLHL18;TBC1D22A;KCTD20;SH2B1;SEZ6L;HTR4,0,0
C7_IMMUNOLOGIC_SIGNATURES,contemporary_universe_hugo,contemporary_sel_hugo,GSE25088_CTRL_VS_IL4_AND_ROSIGLITAZONE_STIM_MACROPHAGE_UP,40,112,5,35,0.125,KLK13;PRKRA;SCML2;CLINT1;HSPD1,0.000607905,1
C7_IMMUNOLOGIC_SIGNATURES,contemporary_universe_hugo,contemporary_sel_hugo,GSE5503_LIVER_DC_VS_SPLEEN_DC_ACTIVATED_ALLOGENIC_TCELL_DN,40,112,5,35,0.125,PHF1;GNMT;TUBB2B;RIPK1;SLC11A1,0.000607905,1
C7_IMMUNOLOGIC_SIGNATURES,contemporary_universe_hugo,contemporary_sel_hugo,GSE29949_CD8_POS_DC_SPLEEN_VS_DC_BRAIN_DN,57,112,7,50,0.122807018,SLC2A5;WNT5A;FSHB;CPM;EYA1;SCML2;KAZALD1,0.00019606,1
C7_IMMUNOLOGIC_SIGNATURES,contemporary_universe_hugo,contemporary_sel_hugo,GSE16385_MONOCYTE_VS_12H_IL4_TREATED_MACROPHAGE_DN,49,112,6,43,0.12244898,FCHO1;THY1;KAZALD1;AUP1;WBP1;MAGI1,0.000349103,1
C4_COMPUTATIONAL,paml_universe_hugo,hist_sig_wg_hugo,MORF_PCNA,23,1089,5,18,0.217391304,EIF4H;CSNK2B;ANP32B;YWHAQ;HNRNPM,6.24E-10,4.46E-06
C4_COMPUTATIONAL,paml_universe_hugo,hist_sig_wg_hugo,MORF_PHB,39,1089,14,25,0.358974359,NFRKB;EML3;PHB;PSMD2;ADAM15;VARS;MRPL28;SLC12A4;PARN;CIB1;TOMM34;DDB1;SH2B1;GNL2,9.31E-26,6.65E-22
C4_COMPUTATIONAL,paml_universe_hugo,hist_sig_wg_hugo,MORF_PPP1CC,50,1089,13,37,0.26,SNRPA;EDC4;PTDSS1;HCFC1;SDHB;ERP29;CBFB;EIF1AX;LBR;VDAC2;DUT;HNRNPD;PPP1CC,5.08E-21,3.63E-17
C7_IMMUNOLOGIC_SIGNATURES,contemporary_universe_hugo,contemporary_sel_hugo,GSE14769_20MIN_VS_360MIN_LPS_BMDM_DN,41,112,5,36,0.12195122,SRP72;JAK3;KLHDC3;SOS1;CRBN,0.000682105,1
C4_COMPUTATIONAL,contemporary_universe_hugo,contemporary_sel_hugo,MORF_MT4,67,112,8,59,0.119402985,FCHO1;JAK3;DPYSL4;PEX6;BPHL;DOK1;PCGF1;GRIP2,0.000144406,1
C4_COMPUTATIONAL,paml_universe_hugo,hist_sig_wg_hugo,MORF_PTPN11,31,1089,9,22,0.290322581,MTDH;NDC80;CSNK2B;NDUFV2;SDHB;RBM14;DDX1;CBFB;VDAC2,7.23E-17,5.17E-13
C4_COMPUTATIONAL,paml_universe_hugo,hist_sig_wg_hugo,MORF_RAD23A,105,1089,26,79,0.247619048,MTDH;EIF4H;POLA2;CSNK2B;NDUFV2;SF3A1;SNRPA;ANP32B;GANAB;YWHAQ;HNRNPM;EDC4;PTDSS1;SLC3A2;SDHB;DNAJC11;DDX1;ERP29;TM9SF2;EIF1AX;VDAC2;THOP1;UBAP2L;DUT;HNRNPD;PPP1CC,4.89E-33,3.49E-29
C7_IMMUNOLOGIC_SIGNATURES,contemporary_universe_hugo,contemporary_sel_hugo,GSE22886_IGG_IGA_MEMORY_BCELL_VS_BLOOD_PLASMA_CELL_DN,43,112,5,38,0.11627907,BAK1;XPNPEP1;MOGS;CLINT1;ST6GALNAC4,0.000848448,1
C4_COMPUTATIONAL,contemporary_universe_hugo,contemporary_sel_hugo,MORF_LTK,43,112,5,38,0.11627907,FCHO1;JAK3;DPYSL4;DOK1;GRIP2,0.000848448,1
C4_COMPUTATIONAL,paml_universe_hugo,hist_sig_wg_hugo,MORF_RAP1A,36,1089,12,24,0.333333333,PIK3CB;ERCC2;SEC31A;KLHDC10;CAMK2G;GRIK5;KLHL18;TBC1D22A;PHF10;PAXIP1;SMC5;SH2B1,3.80E-22,2.72E-18
C4_COMPUTATIONAL,contemporary_universe_hugo,contemporary_sel_hugo,MORF_FANCG,52,112,6,46,0.115384615,BMS1;MEA1;BPHL;DOK1;PCGF1;GRIP2,0.000477199,1
C7_IMMUNOLOGIC_SIGNATURES,contemporary_universe_hugo,contemporary_sel_hugo,GSE21546_ELK1_KO_VS_SAP1A_KO_AND_ELK1_KO_ANTI_CD3_STIM_DP_THYMOCYTES_DN,44,112,5,39,0.113636364,SRP72;B3GNT3;CNPY3;LZTS2;HSPE1,0.000940994,1
C4_COMPUTATIONAL,paml_universe_hugo,hist_sig_wg_hugo,MORF_RFC1,35,1089,12,23,0.342857143,RAD54L;HLTF;ERCC2;NFRKB;ADAM15;VARS;ORC1;KDM3B;SMC5;SH2B1;GNL2;ARID3A,1.92E-22,1.37E-18
C4_COMPUTATIONAL,paml_universe_hugo,hist_sig_wg_hugo,MORF_SS18,20,1089,6,14,0.3,PIK3CB;SEC31A;KPNA6;PARN;DDB1;SH2B1,1.22E-12,8.70E-09
C4_COMPUTATIONAL,paml_universe_hugo,hist_sig_wg_hugo,MORF_TNFRSF25,54,1089,21,33,0.388888889,PIK3CB;TM4SF5;NFRKB;EML3;PAX7;CLOCK;PLXNA3;SLC6A9;CAMK2G;SLC12A4;GRIK5;KLHL18;TBC1D22A;CNKSR1;PHF10;ARFGEF2;PAXIP1;ARNT;NCKIPSD;SEZ6L;HTR4,1.95E-36,1.39E-32
C2_CURATED,paml_universe_hugo,hist_sig_wg_hugo,ONKEN_UVEAL_MELANOMA_DN,127,1089,33,94,0.25984252,RPS8;RPL18A;HLTF;TSPAN14;GTPBP8;CADPS2;GSTP1;CSNK2A2;ACP5;MATN2;DEGS1;ETV5;TMEM47;SYBU;EDNRB;CHMP2B;NFYC;EIF3G;BFAR;ERP29;AHCYL2;CTDSP2;PRKCH;CPN1;EIF1AX;SEMA6A;POSTN;HNMT;TDRD3;TBX2;NCKIPSD;CEP57;SSBP2,1.31E-39,9.38E-36
C2_CURATED,paml_universe_hugo,hist_sig_wg_hugo,PEDERSEN_METASTASIS_BY_ERBB2_ISOFORM_4,26,1089,3,23,0.115384615,CADPS2;ETV5;SYT13,7.75E-06,0.055395347
C2_CURATED,paml_universe_hugo,hist_sig_wg_hugo,PEDRIOLI_MIR31_TARGETS_DN,75,1089,17,58,0.226666667,HLTF;RAB38;NDFIP1;PKHD1L1;EPHB6;CHRNE;KANK1;CEP120;EDNRB;KLHL18;MYOM1;DSC2;PLXNB3;NUDT6;ABCA7;SH3TC2;CACNA1H,7.69E-24,5.50E-20
C2_CURATED,paml_universe_hugo,hist_sig_wg_hugo,PID_ERBB1_INTERNALIZATION_PATHWAY,12,1089,3,9,0.25,PIK3CB;SH3GL2;EGFR,3.82E-07,0.002729332
C2_CURATED,paml_universe_hugo,hist_sig_wg_hugo,PID_IL2_1PATHWAY,15,1089,3,12,0.2,MAPK9;STAM2;MAPK3,9.92E-07,0.007089923
C2_CURATED,paml_universe_hugo,hist_sig_wg_hugo,PID_MYC_REPRESS_PATHWAY,11,1089,3,8,0.272727273,ZBTB17;COL1A2;NFYC,2.55E-07,0.00182454
C2_CURATED,contemporary_universe_hugo,contemporary_sel_hugo,REACTOME_METABOLISM_OF_PROTEINS,77,112,8,69,0.103896104,SRP72;B3GNT3;GRPEL2;TUBB2A;TUBB2B;MOGS;HSPD1;ST6GALNAC4,0.000342377,1
C4_COMPUTATIONAL,contemporary_universe_hugo,contemporary_sel_hugo,MODULE_220,69,112,7,62,0.101449275,DPYSL4;WNT5A;EYA1;PPP2R5D;TLX1;DOK1;TLX2,0.000580031,1
C2_CURATED,paml_universe_hugo,hist_sig_wg_hugo,REACTOME_PROTEIN_FOLDING,12,1089,4,8,0.333333333,FBXL5;USP11;FBXW5;ARFGEF2,1.17E-09,8.34E-06
C2_CURATED,paml_universe_hugo,hist_sig_wg_hugo,REACTOME_TRANSPORT_OF_GLUCOSE_AND_OTHER_SUGARS_BILE_SALTS_AND_ORGANIC_ACIDS_METAL_IONS_AND_AMINE_COMPOUNDS,28,1089,8,20,0.285714286,RHAG;SLC22A16;SLC22A18;SLC6A9;SLC30A2;SLC44A4;SLC30A7;SLC44A1,2.28E-15,1.63E-11
C2_CURATED,paml_universe_hugo,hist_sig_wg_hugo,SABATES_COLORECTAL_ADENOMA_DN,62,1089,9,53,0.14516129,L1CAM;CHODL;PCDH19;ENPP6;SLC25A34;CHRNA1;KIF5C;TMCC3;GHR,5.02E-13,3.59E-09
C2_CURATED,paml_universe_hugo,hist_sig_wg_hugo,SENESE_HDAC1_TARGETS_DN,57,1089,18,39,0.315789474,NARF;KLHL22;L1CAM;CADM3;TGFBI;LSS;ALDH5A1;NOTCH3;RBPMS;NUDT6;SYNC;PLEKHH1;NXN;IDH2;HDLBP;TIA1;PTPRN;ZNF503,5.23E-29,3.74E-25
C2_CURATED,paml_universe_hugo,hist_sig_wg_hugo,SPIELMAN_LYMPHOBLAST_EUROPEAN_VS_ASIAN_UP,108,1089,40,68,0.37037037,STXBP2;RPS8;POLA2;TOMM40;NDC80;PSME2;CCHCR1;KAT5;ACOT8;NARF;NDUFV2;DPF2;ZMYM2;FKBP3;LSS;CYB5R3;SCLY;RREB1;ETV5;GALE;TRA2A;DNASE1L3;PIAS4;ADA;MBOAT7;EZR;DPAGT1;HMBS;STIM1;NPC1;FGFR1OP;MYO9A;GNL2;HSPB1;TADA2A;TSPAN3;HNRNPD;ARID3A;DAZAP1;ENOPH1,4.71E-56,3.37E-52
C2_CURATED,paml_universe_hugo,hist_sig_wg_hugo,TAVAZOIE_METASTASIS,27,1089,7,20,0.259259259,ZDHHC17;GATM;RAP1GAP2;MYOM1;NKAIN1;MYEF2;RARA,1.93E-13,1.38E-09
C2_CURATED,paml_universe_hugo,hist_sig_wg_hugo,TCGA_GLIOBLASTOMA_COPY_NUMBER_UP,17,1089,3,14,0.176470588,EGFR;DDX1;CTDSP2,1.63E-06,0.011666847
C2_CURATED,paml_universe_hugo,hist_sig_wg_hugo,THILLAINADESAN_ZNF217_TARGETS_UP,16,1089,5,11,0.3125,SF3A1;MCM8;LBR;ETF1;DAZAP1,3.47E-11,2.48E-07
C2_CURATED,paml_universe_hugo,hist_sig_wg_hugo,WANG_ESOPHAGUS_CANCER_VS_NORMAL_UP,29,1089,3,26,0.103448276,PIM2;AMPD2;SLC16A4,1.13E-05,0.080670486
C2_CURATED,paml_universe_hugo,hist_sig_wg_hugo,WANG_LMO4_TARGETS_DN,87,1089,13,74,0.149425287,PIK3CB;FBXO28;IRF9;KAT5;CLPTM1;GANAB;SLC3A2;WASL;ARFGEF2;COG5;PAK2;TGS1;MTMR2,9.79E-17,7.00E-13
C2_CURATED,paml_universe_hugo,hist_sig_wg_hugo,WATANABE_RECTAL_CANCER_RADIOTHERAPY_RESPONSIVE_DN,30,1089,6,24,0.2,GSTP1;WSB1;COL1A2;PSMA6;NID2;ABR,5.17E-11,3.69E-07
C2_CURATED,paml_universe_hugo,hist_sig_wg_hugo,WOOD_EBV_EBNA1_TARGETS_UP,28,1089,6,22,0.214285714,FASN;HIRA;SLC29A2;DPAGT1;RBPMS;EPHX1,2.90E-11,2.07E-07
C2_CURATED,paml_universe_hugo,hist_sig_wg_hugo,YAO_TEMPORAL_RESPONSE_TO_PROGESTERONE_CLUSTER_11,28,1089,7,21,0.25,TFRC;GNL3;MAK16;SEPT4;MANF;EPB41;HIF1A,2.88E-13,2.06E-09
C2_CURATED,paml_universe_hugo,hist_sig_wg_hugo,YOSHIMURA_MAPK8_TARGETS_UP,287,1089,86,201,0.299651568,SLC18A3;STXBP2;CALB2;PTPRE;DOCK8;RABEP1;RALBP1;UNCX;KCNH5;ACSL4;CNTN1;RIOK1;DNM1L;DPEP1;SLC9A4;L1CAM;NF2;TRIP10;PSMD1;GABBR1;TAT;CYB5R3;CASP6;PHB;MAP4K1;VSNL1;SH3GL2;CHRNE;FUT1;PSMA6;GAL;MPP3;CYBA;DNAJB14;INPP5D;DNASE1L3;KITLG;APBB1;MAG;ENPP6;SLC6A9;RAPGEF4;CDK16;LGALS4;CAMK2G;FBXW5;CXCR4;EGFR;NOS1;ST3GAL3;GHSR;SAMD4B;RIMS1;TEF;HSPB6;SH2B2;SLC10A2;HMBS;UNC5A;NUDT6;PACS1;CD53;ISL1;OPRD1;MAPK3;BATF3;KCNJ6;TOMM34;CACNA1H;GCGR;SPAM1;SH2B1;ARNT;KCNS1;RARA;HSPB1;MECR;STRN;DLAT;DUT;PTPRN;CD3G;TG;HOMER1;GABRR2;HTR4,3.03E-78,2.17E-74
C2_CURATED,paml_universe_hugo,hist_sig_wg_hugo,ZHU_CMV_ALL_UP,29,1089,10,19,0.344827586,REC8;PSMD2;PSMA6;GAL;GRPEL1;RBM14;IRF1;EIF1AX;MANF;PSMD6,1.25E-19,8.95E-16
C2_CURATED,paml_universe_hugo,hist_sig_wg_hugo,ZWANG_TRANSIENTLY_UP_BY_2ND_EGF_PULSE_ONLY,243,1089,54,189,0.222222222,SLC22A16;TYMP;TDRD5;PHC2;GRHL1;PKHD1L1;L1CAM;OGDHL;ESPN;UNC79;BTNL9;TINF2;ABTB2;FBXO41;ZDHHC23;ATG16L1;TAT;ITGA11;FGD6;CLIP2;MC4R;DNAJB4;DNASE1L3;PNPO;CLCA1;ACOXL;ADAM11;TET3;EML6;FUT11;RELT;MOV10L1;SLC25A34;SLC12A4;MDFI;ANKFN1;RIMS1;DSCAML1;SARDH;PDE7B;TMEM196;LINGO1;OPRD1;LBR;TMCC3;NPC1;SH3TC2;HGD;HAPLN4;HDLBP;TIA1;HAS3;PCDH12;TTLL6,1.04E-48,7.45E-45