gene	description	total	composite.snps.afchange.top.genes.200000bp	composite.snps.timeseries.top.genes.200000bp
ENSSHAG00000016825	1	ancient ubiquitous protein 1 [Source:HGNC Symbol;Acc:HGNC:891]	0	1
ENSSHAG00000002973	1	CD81 molecule [Source:HGNC Symbol;Acc:HGNC:1701]	0	1
ENSSHAG00000011127	1	calcium and integrin binding 1 (calmyrin) [Source:HGNC Symbol;Acc:HGNC:16920]	1	0
ENSSHAG00000016085	1	Uncharacterized protein  [Source:UniProtKB/TrEMBL;Acc:G3WU44]	1	0
ENSSHAG00000002818	1	Uncharacterized protein  [Source:UniProtKB/TrEMBL;Acc:G3VJ36]	0	1
ENSSHAG00000014539	1	annexin A4 [Source:HGNC Symbol;Acc:HGNC:542]	0	1
ENSSHAG00000013828	1	methyltransferase like 21A [Source:HGNC Symbol;Acc:HGNC:30476]	1	0
ENSSHAG00000018640	1	chromosome 9 open reading frame 16 [Source:HGNC Symbol;Acc:HGNC:17823]	1	0
ENSSHAG00000006551	1	CD22 molecule [Source:HGNC Symbol;Acc:HGNC:1643]	0	1
ENSSHAG00000018645	1	CDKN1A interacting zinc finger protein 1 [Source:HGNC Symbol;Acc:HGNC:16744]	1	0
ENSSHAG00000018882	1	leucine rich repeat containing 8 family, member A [Source:HGNC Symbol;Acc:HGNC:19027]	0	1
ENSSHAG00000014357	1	Uncharacterized protein  [Source:UniProtKB/TrEMBL;Acc:G3WN75]	1	0
ENSSHAG00000006256	1	Uncharacterized protein  [Source:UniProtKB/TrEMBL;Acc:G3VVJ4]	0	1
ENSSHAG00000018887	1	naked cuticle homolog 1 (Drosophila) [Source:HGNC Symbol;Acc:HGNC:17045]	1	0
ENSSHAG00000018889	1	phytanoyl-CoA dioxygenase domain containing 1 [Source:HGNC Symbol;Acc:HGNC:23396]	0	1
ENSSHAG00000018635	1	prostaglandin E synthase 2 [Source:HGNC Symbol;Acc:HGNC:17822]	1	0
ENSSHAG00000014604	1	nuclear receptor coactivator 2 [Source:HGNC Symbol;Acc:HGNC:7669]	1	0
ENSSHAG00000006314	1	leukotriene B4 receptor [Source:HGNC Symbol;Acc:HGNC:6713]	1	0
ENSSHAG00000010978	1	inositol polyphosphate-5-phosphatase F [Source:HGNC Symbol;Acc:HGNC:17054]	1	0
ENSSHAG00000006860	1	nuclear factor of activated T-cells, cytoplasmic, calcineurin-dependent 4 [Source:HGNC Symbol;Acc:HGNC:7778]	1	0
ENSSHAG00000005358	1	kallikrein-related peptidase 13 [Source:HGNC Symbol;Acc:HGNC:6361]	0	1
ENSSHAG00000012852	1	Uncharacterized protein  [Source:UniProtKB/TrEMBL;Acc:G3WI04]	0	1
ENSSHAG00000012856	1	Uncharacterized protein  [Source:UniProtKB/TrEMBL;Acc:G3WI09]	0	1
ENSSHAG00000010202	1	acyl-CoA thioesterase 9 [Source:HGNC Symbol;Acc:HGNC:17152]	1	0
ENSSHAG00000008827	1	Uncharacterized protein  [Source:UniProtKB/TrEMBL;Acc:G3W466]	0	1
ENSSHAG00000010200	1	unc-45 homolog A (C. elegans) [Source:HGNC Symbol;Acc:HGNC:30594]	1	0
ENSSHAG00000004025	1		0	1
ENSSHAG00000005606	1	neurexin 2 [Source:HGNC Symbol;Acc:HGNC:8009]	1	0
ENSSHAG00000017525	1	Uncharacterized protein  [Source:UniProtKB/TrEMBL;Acc:G3WZ10]	0	1
ENSSHAG00000013084	1	stimulated by retinoic acid 8 [Source:HGNC Symbol;Acc:HGNC:30653]	0	1
ENSSHAG00000000788	1	transmembrane protein 130 [Source:HGNC Symbol;Acc:HGNC:25429]	0	1
ENSSHAG00000003777	1	Uncharacterized protein  [Source:UniProtKB/TrEMBL;Acc:G3VM83]	0	1
ENSSHAG00000007987	1	interleukin 18 receptor 1 [Source:HGNC Symbol;Acc:HGNC:5988]	1	0
ENSSHAG00000003771	1	neural precursor cell expressed, developmentally down-regulated 8 [Source:HGNC Symbol;Acc:HGNC:7732]	1	0
ENSSHAG00000014822	1	ADAM metallopeptidase with thrombospondin type 1 motif, 9 [Source:HGNC Symbol;Acc:HGNC:13202]	1	0
ENSSHAG00000005991	1	tripartite motif containing 33 [Source:HGNC Symbol;Acc:HGNC:16290]	0	1
ENSSHAG00000009766	1	cytidine monophosphate (UMP-CMP) kinase 1, cytosolic [Source:HGNC Symbol;Acc:HGNC:18170]	0	1
ENSSHAG00000018546	1	nuclear apoptosis inducing factor 1 [Source:HGNC Symbol;Acc:HGNC:25446]	1	0
ENSSHAG00000005927	1	Uncharacterized protein  [Source:UniProtKB/TrEMBL;Acc:G3VUG8]	0	1
ENSSHAG00000010292	1	pleckstrin homology domain containing, family A (phosphoinositide binding specific) member 3 [Source:HGNC Symbol;Acc:HGNC:14338]	0	1
ENSSHAG00000014852	1	ras-related C3 botulinum toxin substrate 2 (rho family, small GTP binding protein Rac2) [Source:HGNC Symbol;Acc:HGNC:9802]	1	0
ENSSHAG00000005923	1	NOP9 nucleolar protein [Source:HGNC Symbol;Acc:HGNC:19826]	1	0
ENSSHAG00000013254	1	ubiquilin 4 [Source:HGNC Symbol;Acc:HGNC:1237]	1	0
ENSSHAG00000017634	1	leucine zipper-EF-hand containing transmembrane protein 2 [Source:HGNC Symbol;Acc:HGNC:14648]	0	1
ENSSHAG00000004980	1	hepsin [Source:HGNC Symbol;Acc:HGNC:5155]	0	1
ENSSHAG00000017633	1	SRC kinase signaling inhibitor 1 [Source:HGNC Symbol;Acc:HGNC:29506]	1	0
ENSSHAG00000008832	1	LY6/PLAUR domain containing 1 [Source:HGNC Symbol;Acc:HGNC:28431]	0	1
ENSSHAG00000013314	1	late endosomal/lysosomal adaptor, MAPK and MTOR activator 2 [Source:HGNC Symbol;Acc:HGNC:29796]	1	0
ENSSHAG00000013317	1	AT rich interactive domain 3A (BRIGHT-like) [Source:HGNC Symbol;Acc:HGNC:3031]	1	0
ENSSHAG00000005104	1	KIAA0355 [Source:HGNC Symbol;Acc:HGNC:29016]	1	0
ENSSHAG00000005103	1	BCL2-antagonist/killer 1 [Source:HGNC Symbol;Acc:HGNC:949]	0	1
ENSSHAG00000011631	1	isocitrate dehydrogenase 2 (NADP+), mitochondrial [Source:HGNC Symbol;Acc:HGNC:5383]	1	0
ENSSHAG00000007384	2	phospholipase D1, phosphatidylcholine-specific [Source:HGNC Symbol;Acc:HGNC:9067]	1	1
ENSSHAG00000007036	1	septin 12 [Source:HGNC Symbol;Acc:HGNC:26348]	1	0
ENSSHAG00000009112	1	splA/ryanodine receptor domain and SOCS box containing 1 [Source:HGNC Symbol;Acc:HGNC:30628]	1	0
ENSSHAG00000001957	1	PHD finger protein 1 [Source:HGNC Symbol;Acc:HGNC:8919]	0	1
ENSSHAG00000010548	1	SEC23 interacting protein [Source:HGNC Symbol;Acc:HGNC:17018]	1	0
ENSSHAG00000007202	1	C1q and tumor necrosis factor related protein 5 [Source:HGNC Symbol;Acc:HGNC:14344]	0	1
ENSSHAG00000009491	1	follicle stimulating hormone, beta polypeptide [Source:HGNC Symbol;Acc:HGNC:3964]	0	1
ENSSHAG00000016192	1	CTD (carboxy-terminal domain, RNA polymerase II, polypeptide A) small phosphatase 1 [Source:HGNC Symbol;Acc:HGNC:21614]	1	0
ENSSHAG00000016282	1	Uncharacterized protein  [Source:UniProtKB/TrEMBL;Acc:G3WUS0]	1	0
ENSSHAG00000016285	1	methionyl aminopeptidase type 1D (mitochondrial) [Source:HGNC Symbol;Acc:HGNC:32583]	1	0
ENSSHAG00000001412	1	gem (nuclear organelle) associated protein 8 [Source:HGNC Symbol;Acc:HGNC:26044]	1	0
ENSSHAG00000017023	1	clathrin interactor 1 [Source:HGNC Symbol;Acc:HGNC:23186]	1	0
ENSSHAG00000009181	1	prenylcysteine oxidase 1 like [Source:HGNC Symbol;Acc:HGNC:28477]	0	1
ENSSHAG00000013030	1	Ewing tumor-associated antigen 1 [Source:HGNC Symbol;Acc:HGNC:24648]	0	1
ENSSHAG00000002077	1	hydroxysteroid (17-beta) dehydrogenase 11 [Source:HGNC Symbol;Acc:HGNC:22960]	0	1
ENSSHAG00000006952	1	forkhead box I2 [Source:HGNC Symbol;Acc:HGNC:32448]	1	0
ENSSHAG00000016043	1	Uncharacterized protein  [Source:UniProtKB/TrEMBL;Acc:G3WTZ5]	1	0
ENSSHAG00000002178	1	scavenger receptor class B, member 1 [Source:HGNC Symbol;Acc:HGNC:1664]	1	0
ENSSHAG00000012037	1	N-terminal EF-hand calcium binding protein 1 [Source:HGNC Symbol;Acc:HGNC:20983]	0	1
ENSSHAG00000006552	1		0	1
ENSSHAG00000007939	1	Uncharacterized protein  [Source:UniProtKB/TrEMBL;Acc:G3W165]	1	0
ENSSHAG00000012293	1	CXXC finger protein 5 [Source:HGNC Symbol;Acc:HGNC:26943]	1	0
ENSSHAG00000015801	1	SNF2 histone linker PHD RING helicase, E3 ubiquitin protein ligase [Source:HGNC Symbol;Acc:HGNC:19336]	1	0
ENSSHAG00000001238	1	calmodulin regulated spectrin-associated protein 1 [Source:HGNC Symbol;Acc:HGNC:19946]	1	0
ENSSHAG00000009426	1	microtubule-associated protein 1S [Source:HGNC Symbol;Acc:HGNC:15715]	1	0
ENSSHAG00000012887	1	Uncharacterized protein  [Source:UniProtKB/TrEMBL;Acc:G3WI50]	0	1
ENSSHAG00000011318	1	transmembrane protein 173 [Source:HGNC Symbol;Acc:HGNC:27962]	1	0
ENSSHAG00000006182	1	Uncharacterized protein  [Source:UniProtKB/TrEMBL;Acc:G3VVA9]	0	1
ENSSHAG00000003498	1	transient receptor potential cation channel, subfamily M, member 5 [Source:HGNC Symbol;Acc:HGNC:14323]	0	1
ENSSHAG00000003981	1	guanosine monophosphate reductase 2 [Source:HGNC Symbol;Acc:HGNC:4377]	1	0
ENSSHAG00000002459	1	ubiquitin-like modifier activating enzyme 2 [Source:HGNC Symbol;Acc:HGNC:30661]	1	0
ENSSHAG00000006173	1	protein tyrosine phosphatase, non-receptor type 11 [Source:HGNC Symbol;Acc:HGNC:9644]	1	0
ENSSHAG00000009548	1	pre-mRNA processing factor 3 [Source:HGNC Symbol;Acc:HGNC:17348]	0	1
ENSSHAG00000006174	1	leukotriene B4 receptor 2 [Source:HGNC Symbol;Acc:HGNC:19260]	1	0
ENSSHAG00000014999	1	G patch domain containing 2-like [Source:HGNC Symbol;Acc:HGNC:20210]	0	1
ENSSHAG00000018851	1	endonuclease G [Source:HGNC Symbol;Acc:HGNC:3346]	0	1
ENSSHAG00000015416	1	protein phosphatase 1, regulatory (inhibitor) subunit 1B [Source:HGNC Symbol;Acc:HGNC:9287]	1	0
ENSSHAG00000001121	1	Uncharacterized protein  [Source:UniProtKB/TrEMBL;Acc:G3VDK2]	0	1
ENSSHAG00000016908	1	tRNA-histidine guanylyltransferase 1-like (S. cerevisiae) [Source:HGNC Symbol;Acc:HGNC:26053]	1	0
ENSSHAG00000001126	1	leucine carboxyl methyltransferase 1 [Source:HGNC Symbol;Acc:HGNC:17557]	1	0
ENSSHAG00000010570	1	RCC1 domain containing 1 [Source:HGNC Symbol;Acc:HGNC:30457]	1	0
ENSSHAG00000014797	1	son of sevenless homolog 1 (Drosophila) [Source:HGNC Symbol;Acc:HGNC:11187]	0	1
ENSSHAG00000012497	1	chromosome 8 open reading frame 88 [Source:HGNC Symbol;Acc:HGNC:44672]	0	1
ENSSHAG00000012665	1	KIAA0907 [Source:HGNC Symbol;Acc:HGNC:29145]	1	0
ENSSHAG00000007156	1	Uncharacterized protein  [Source:UniProtKB/TrEMBL;Acc:G3VYK6]	1	0
ENSSHAG00000009874	1	cAMP responsive element binding protein 3-like 3 [Source:HGNC Symbol;Acc:HGNC:18855]	1	0
ENSSHAG00000012347	1	contactin 5 [Source:HGNC Symbol;Acc:HGNC:2175]	0	1
ENSSHAG00000015565	1	atypical chemokine receptor 4 [Source:HGNC Symbol;Acc:HGNC:1611]	1	0
ENSSHAG00000018841	1	TBC1 domain family, member 13 [Source:HGNC Symbol;Acc:HGNC:25571]	0	1
ENSSHAG00000012593	1	adenylate cyclase 9 [Source:HGNC Symbol;Acc:HGNC:240]	0	1
ENSSHAG00000015245	1	hepatitis A virus cellular receptor 2 [Source:HGNC Symbol;Acc:HGNC:18437]	0	1
ENSSHAG00000010083	1	deafness, autosomal recessive 59 [Source:HGNC Symbol;Acc:HGNC:29502]	0	1
ENSSHAG00000004670	2	basal cell adhesion molecule (Lutheran blood group) [Source:HGNC Symbol;Acc:HGNC:6722]	1	1
ENSSHAG00000018857	1	chromosome 9 open reading frame 114 [Source:HGNC Symbol;Acc:HGNC:26933]	0	1
ENSSHAG00000004772	1	sodium channel, voltage-gated, type I, beta subunit [Source:HGNC Symbol;Acc:HGNC:10586]	0	1
ENSSHAG00000004770	1	Uncharacterized protein  [Source:UniProtKB/TrEMBL;Acc:G3VQK6]	0	1
ENSSHAG00000009251	1	mitogen-activated protein kinase kinase 2 [Source:HGNC Symbol;Acc:HGNC:6842]	1	0
ENSSHAG00000011675	1	calponin 2 [Source:HGNC Symbol;Acc:HGNC:2156]	1	0
ENSSHAG00000009255	1	chromosome 11 open reading frame 30 [Source:HGNC Symbol;Acc:HGNC:18071]	0	1
ENSSHAG00000016768	1	GTP binding protein overexpressed in skeletal muscle [Source:HGNC Symbol;Acc:HGNC:4234]	1	0
ENSSHAG00000010681	1	T-cell acute lymphocytic leukemia 1 [Source:HGNC Symbol;Acc:HGNC:11556]	0	1
ENSSHAG00000018505	1	phosphatidylinositol-4-phosphate 5-kinase-like 1 [Source:HGNC Symbol;Acc:HGNC:28711]	1	0
ENSSHAG00000009724	1	carboxypeptidase M [Source:HGNC Symbol;Acc:HGNC:2311]	1	0
ENSSHAG00000010095	1	SCL/TAL1 interrupting locus [Source:HGNC Symbol;Acc:HGNC:10879]	0	1
ENSSHAG00000014264	1	mannosyl (beta-1,4-)-glycoprotein beta-1,4-N-acetylglucosaminyltransferase [Source:HGNC Symbol;Acc:HGNC:7046]	1	0
ENSSHAG00000014266	1	cryptochrome circadian clock 1 [Source:HGNC Symbol;Acc:HGNC:2384]	1	0
ENSSHAG00000012466	2	protein tyrosine kinase 7 [Source:HGNC Symbol;Acc:HGNC:9618]	1	1
ENSSHAG00000006325	1	TANK-binding kinase 1 [Source:HGNC Symbol;Acc:HGNC:11584]	0	1
ENSSHAG00000017162	1	NOP56 ribonucleoprotein [Source:HGNC Symbol;Acc:HGNC:15911]	0	1
ENSSHAG00000011775	2	protein phosphatase 2, regulatory subunit B', delta [Source:HGNC Symbol;Acc:HGNC:9312]	1	1
ENSSHAG00000018164	1	synaptophysin-like 2 [Source:HGNC Symbol;Acc:HGNC:27638]	1	0
ENSSHAG00000013219	1	cyclin Y-like 1 [Source:HGNC Symbol;Acc:HGNC:26868]	1	0
ENSSHAG00000015743	1	G protein-coupled receptor 146 [Source:HGNC Symbol;Acc:HGNC:21718]	1	0
ENSSHAG00000017386	1	integrin beta 3 binding protein (beta3-endonexin) [Source:HGNC Symbol;Acc:HGNC:6157]	0	1
ENSSHAG00000005659	1	Uncharacterized protein  [Source:UniProtKB/TrEMBL;Acc:G3VTJ8]	0	1
ENSSHAG00000008301	1	Uncharacterized protein  [Source:UniProtKB/TrEMBL;Acc:G3W2D8]	1	0
ENSSHAG00000017364	1	DDHD domain containing 2 [Source:HGNC Symbol;Acc:HGNC:29106]	0	1
ENSSHAG00000003565	1	fascin actin-bundling protein 1 [Source:HGNC Symbol;Acc:HGNC:11148]	1	0
ENSSHAG00000003648	1	Uncharacterized protein  [Source:UniProtKB/TrEMBL;Acc:G3VLT5]	0	1
ENSSHAG00000011715	1	sarcalumenin [Source:HGNC Symbol;Acc:HGNC:11295]	0	1
ENSSHAG00000003642	1	zinc finger protein 354C [Source:HGNC Symbol;Acc:HGNC:16736]	0	1
ENSSHAG00000018347	1	endoglin [Source:HGNC Symbol;Acc:HGNC:3349]	1	0
ENSSHAG00000018343	1	chromosome 3 open reading frame 14 [Source:HGNC Symbol;Acc:HGNC:25024]	0	1
ENSSHAG00000000563	1	chromosome 19 open reading frame 10 [Source:HGNC Symbol;Acc:HGNC:16948]	1	0
ENSSHAG00000010817	1	nucleoporin 107kDa [Source:HGNC Symbol;Acc:HGNC:29914]	1	0
ENSSHAG00000004768	1	olfactory receptor, family 4, subfamily P, member 4 [Source:HGNC Symbol;Acc:HGNC:15180]	0	1
ENSSHAG00000005429	1	metastasis suppressor 1-like [Source:HGNC Symbol;Acc:HGNC:25094]	0	1
ENSSHAG00000017666	1	fibroblast growth factor receptor 1 [Source:HGNC Symbol;Acc:HGNC:3688]	0	1
ENSSHAG00000005137	1	pleiotrophin [Source:HGNC Symbol;Acc:HGNC:9630]	1	0
ENSSHAG00000000182	1	interleukin 22 receptor, alpha 2 [Source:HGNC Symbol;Acc:HGNC:14901]	0	1
ENSSHAG00000013360	1	Uncharacterized protein  [Source:UniProtKB/TrEMBL;Acc:G3WJS5]	0	1
ENSSHAG00000017700	1	chromosome 1 open reading frame 194 [Source:HGNC Symbol;Acc:HGNC:32331]	1	0
ENSSHAG00000002333	2	carcinoembryonic antigen-related cell adhesion molecule 19 [Source:HGNC Symbol;Acc:HGNC:31951]	1	1
ENSSHAG00000016162	1	tigger transposable element derived 7 [Source:HGNC Symbol;Acc:HGNC:18331]	1	0
ENSSHAG00000010615	1	Uncharacterized protein  [Source:UniProtKB/TrEMBL;Acc:G3WAD7]	1	0
ENSSHAG00000009025	1	protein phosphatase 1, catalytic subunit, beta isozyme [Source:HGNC Symbol;Acc:HGNC:9282]	0	1
ENSSHAG00000010611	1	transmembrane and immunoglobulin domain containing 2 [Source:HGNC Symbol;Acc:HGNC:28324]	1	0
ENSSHAG00000018333	1	folylpolyglutamate synthase [Source:HGNC Symbol;Acc:HGNC:3824]	1	0
ENSSHAG00000011401	2	pre T-cell antigen receptor alpha [Source:HGNC Symbol;Acc:HGNC:21290]	1	1
ENSSHAG00000014043	1	ribosomal protein S19 binding protein 1 [Source:HGNC Symbol;Acc:HGNC:28749]	1	0
ENSSHAG00000004957	1	Uncharacterized protein  [Source:UniProtKB/TrEMBL;Acc:G3VR68]	0	1
ENSSHAG00000012099	1	Uncharacterized protein  [Source:UniProtKB/TrEMBL;Acc:G3WFF1]	1	0
ENSSHAG00000012091	2	mitochondrial ribosomal protein L2 [Source:HGNC Symbol;Acc:HGNC:14056]	1	1
ENSSHAG00000001766	1	SEC14-like 5 (S. cerevisiae) [Source:HGNC Symbol;Acc:HGNC:29032]	1	0
ENSSHAG00000011219	2	ribosomal protein L7-like 1 [Source:HGNC Symbol;Acc:HGNC:21370]	1	1
ENSSHAG00000001347	1	eukaryotic translation initiation factor 3, subunit A [Source:HGNC Symbol;Acc:HGNC:3271]	1	0
ENSSHAG00000017016	1	chromosome 2 open reading frame 81 [Source:HGNC Symbol;Acc:HGNC:34350]	0	1
ENSSHAG00000012163	1	Uncharacterized protein  [Source:UniProtKB/TrEMBL;Acc:G3WFM3]	0	1
ENSSHAG00000001349	1	Uncharacterized protein  [Source:UniProtKB/TrEMBL;Acc:G3VEA8]	1	0
ENSSHAG00000013065	1	Uncharacterized protein  [Source:UniProtKB/TrEMBL;Acc:G3WIS1]	0	1
ENSSHAG00000002402	1		0	1
ENSSHAG00000003948	2	B-cell CLL/lymphoma 3 [Source:HGNC Symbol;Acc:HGNC:998]	1	1
ENSSHAG00000016426	1	Mediterranean fever [Source:HGNC Symbol;Acc:HGNC:6998]	1	0
ENSSHAG00000016245	1	glutamate receptor, metabotropic 1 [Source:HGNC Symbol;Acc:HGNC:4593]	1	0
ENSSHAG00000013148	1	frizzled class receptor 5 [Source:HGNC Symbol;Acc:HGNC:4043]	1	0
ENSSHAG00000010367	1	extracellular matrix protein 1 [Source:HGNC Symbol;Acc:HGNC:3153]	0	1
ENSSHAG00000006390	1	Uncharacterized protein  [Source:UniProtKB/TrEMBL;Acc:G3VVZ3]	0	1
ENSSHAG00000010285	1	actin binding LIM protein family, member 3 [Source:HGNC Symbol;Acc:HGNC:29132]	0	1
ENSSHAG00000011327	1	Uncharacterized protein  [Source:UniProtKB/TrEMBL;Acc:G3WCU2]	1	0
ENSSHAG00000016947	1	coiled-coil domain containing 142 [Source:HGNC Symbol;Acc:HGNC:25889]	0	1
ENSSHAG00000016946	1		0	1
ENSSHAG00000015466	1	solute carrier family 25 (aspartate/glutamate carrier), member 12 [Source:HGNC Symbol;Acc:HGNC:10982]	1	0
ENSSHAG00000013789	1		0	1
ENSSHAG00000014444	1	salt-inducible kinase 2 [Source:HGNC Symbol;Acc:HGNC:21680]	1	0
ENSSHAG00000011966	2	Uncharacterized protein  [Source:UniProtKB/TrEMBL;Acc:G3WEY6]	1	1
ENSSHAG00000016339	1	paroxysmal nonkinesigenic dyskinesia [Source:HGNC Symbol;Acc:HGNC:9153]	1	0
ENSSHAG00000006621	1	Uncharacterized protein  [Source:UniProtKB/TrEMBL;Acc:G3VWR1]	0	1
ENSSHAG00000006620	1	Uncharacterized protein  [Source:UniProtKB/TrEMBL;Acc:G3VWR0]	0	1
ENSSHAG00000006625	1	leucine rich repeat containing 53 [Source:HGNC Symbol;Acc:HGNC:25255]	0	1
ENSSHAG00000015832	1	inducible T-cell co-stimulator [Source:HGNC Symbol;Acc:HGNC:5351]	1	0
ENSSHAG00000009472	1	ash1 (absent, small, or homeotic)-like (Drosophila) [Source:HGNC Symbol;Acc:HGNC:19088]	1	0
ENSSHAG00000007712	1	NEL-like 1 (chicken) [Source:HGNC Symbol;Acc:HGNC:7750]	0	1
ENSSHAG00000016833	1	DEAQ box RNA-dependent ATPase 1 [Source:HGNC Symbol;Acc:HGNC:20410]	0	1
ENSSHAG00000005180	1	FGGY carbohydrate kinase domain containing [Source:HGNC Symbol;Acc:HGNC:25610]	0	1
ENSSHAG00000002964	1	signal sequence receptor, alpha [Source:HGNC Symbol;Acc:HGNC:11323]	1	0
ENSSHAG00000006768	1	Uncharacterized protein  [Source:UniProtKB/TrEMBL;Acc:G3VX91]	0	1
ENSSHAG00000018897	1	Uncharacterized protein  [Source:UniProtKB/TrEMBL;Acc:G3X3S1]	0	1
ENSSHAG00000004198	2	Cbl proto-oncogene C, E3 ubiquitin protein ligase [Source:HGNC Symbol;Acc:HGNC:15961]	1	1
ENSSHAG00000012235	1	sperm flagellar 2 [Source:HGNC Symbol;Acc:HGNC:26293]	1	0
ENSSHAG00000015702	1	cyclin-dependent kinase 12 [Source:HGNC Symbol;Acc:HGNC:24224]	1	0
ENSSHAG00000012239	1	synaptotagmin XI [Source:HGNC Symbol;Acc:HGNC:19239]	1	0
ENSSHAG00000006361	1	glyoxylate reductase 1 homolog (Arabidopsis) [Source:HGNC Symbol;Acc:HGNC:24434]	1	0
ENSSHAG00000005349	1		0	1
ENSSHAG00000004984	1	Uncharacterized protein  [Source:UniProtKB/TrEMBL;Acc:G3VRA0]	0	1
ENSSHAG00000007146	1	Uncharacterized protein  [Source:UniProtKB/TrEMBL;Acc:G3VYJ5]	0	1
ENSSHAG00000006851	1	rogdi homolog (Drosophila) [Source:HGNC Symbol;Acc:HGNC:29478]	1	0
ENSSHAG00000010969	1	neugrin, neurite outgrowth associated [Source:HGNC Symbol;Acc:HGNC:18077]	1	0
ENSSHAG00000009969	1	regulation of nuclear pre-mRNA domain containing 2 [Source:HGNC Symbol;Acc:HGNC:29039]	0	1
ENSSHAG00000010213	1	hexose-6-phosphate dehydrogenase (glucose 1-dehydrogenase) [Source:HGNC Symbol;Acc:HGNC:4795]	1	0
ENSSHAG00000017535	1	chromosome 9 open reading frame 43 [Source:HGNC Symbol;Acc:HGNC:23570]	1	0
ENSSHAG00000010216	1	ankyrin repeat domain 24 [Source:HGNC Symbol;Acc:HGNC:29424]	1	0
ENSSHAG00000010714	1	marginal zone B and B1 cell-specific protein [Source:HGNC Symbol;Acc:HGNC:30125]	1	0
ENSSHAG00000003449	1	glutamate-rich 3 [Source:HGNC Symbol;Acc:HGNC:25346]	0	1
ENSSHAG00000004981	1	succinate-CoA ligase, alpha subunit [Source:HGNC Symbol;Acc:HGNC:11449]	0	1
ENSSHAG00000009965	1	sirtuin 6 [Source:HGNC Symbol;Acc:HGNC:14934]	1	0
ENSSHAG00000005869	1	asteroid homolog 1 (Drosophila) [Source:HGNC Symbol;Acc:HGNC:25021]	1	0
ENSSHAG00000005960	1	leucine-rich repeat LGI family, member 4 [Source:HGNC Symbol;Acc:HGNC:18712]	0	1
ENSSHAG00000017836	1	Uncharacterized protein  [Source:UniProtKB/TrEMBL;Acc:G3X030]	1	0
ENSSHAG00000003685	1	Uncharacterized protein  [Source:UniProtKB/TrEMBL;Acc:G3VLX8]	1	0
ENSSHAG00000017586	1	NADH dehydrogenase (ubiquinone) Fe-S protein 3, 30kDa (NADH-coenzyme Q reductase) [Source:HGNC Symbol;Acc:HGNC:7710]	0	1
ENSSHAG00000017239	1	early B-cell factor 4 [Source:HGNC Symbol;Acc:HGNC:29278]	0	1
ENSSHAG00000004448	1	Uncharacterized protein  [Source:UniProtKB/TrEMBL;Acc:G3VPH8]	0	1
ENSSHAG00000017582	1	kelch repeat and BTB (POZ) domain containing 4 [Source:HGNC Symbol;Acc:HGNC:23761]	0	1
ENSSHAG00000005454	1	Uncharacterized protein  [Source:UniProtKB/TrEMBL;Acc:G3VSW0]	0	1
ENSSHAG00000018097	1	proteasome (prosome, macropain) subunit, alpha type, 5 [Source:HGNC Symbol;Acc:HGNC:9534]	1	0
ENSSHAG00000007494	1	nicalin [Source:HGNC Symbol;Acc:HGNC:26923]	1	0
ENSSHAG00000010916	1	PDZK1 interacting protein 1 [Source:HGNC Symbol;Acc:HGNC:16887]	0	1
ENSSHAG00000010917	1	HD domain containing 3 [Source:HGNC Symbol;Acc:HGNC:30522]	1	0
ENSSHAG00000017622	1	mitochondrial carrier 2 [Source:HGNC Symbol;Acc:HGNC:17587]	0	1
ENSSHAG00000008823	1		1	0
ENSSHAG00000005502	1	Uncharacterized protein  [Source:UniProtKB/TrEMBL;Acc:G3VT14]	0	1
ENSSHAG00000016758	1	SRY (sex determining region Y)-box 30 [Source:HGNC Symbol;Acc:HGNC:30635]	1	0
ENSSHAG00000011146	1	sema domain, immunoglobulin domain (Ig), transmembrane domain (TM) and short cytoplasmic domain, (semaphorin) 4B [Source:HGNC Symbol;Acc:HGNC:10730]	1	0
ENSSHAG00000010493	1	transmembrane protein 174 [Source:HGNC Symbol;Acc:HGNC:28187]	1	0
ENSSHAG00000016205	1	F-box and leucine-rich repeat protein 20 [Source:HGNC Symbol;Acc:HGNC:24679]	1	0
ENSSHAG00000013327	1	RAB25, member RAS oncogene family [Source:HGNC Symbol;Acc:HGNC:18238]	1	0
ENSSHAG00000011408	1	leucine-rich repeats and immunoglobulin-like domains 1 [Source:HGNC Symbol;Acc:HGNC:17360]	0	1
ENSSHAG00000018376	1	Uncharacterized protein  [Source:UniProtKB/TrEMBL;Acc:G3X1Z5]	1	0
ENSSHAG00000014126	1	mitochondrial elongation factor 1 [Source:HGNC Symbol;Acc:HGNC:25979]	1	0
ENSSHAG00000011441	1	golgi phosphoprotein 3-like [Source:HGNC Symbol;Acc:HGNC:24882]	0	1
ENSSHAG00000018817	1		0	1
ENSSHAG00000017902	1	protein tyrosine phosphatase, receptor type, G [Source:HGNC Symbol;Acc:HGNC:9671]	0	1
ENSSHAG00000017906	1	cadherin, EGF LAG seven-pass G-type receptor 2 [Source:HGNC Symbol;Acc:HGNC:3231]	1	0
ENSSHAG00000007216	1	sphingosine-1-phosphate receptor 4 [Source:HGNC Symbol;Acc:HGNC:3170]	1	0
ENSSHAG00000017752	1	formin binding protein 4 [Source:HGNC Symbol;Acc:HGNC:19752]	0	1
ENSSHAG00000000833	1	peroxiredoxin 5 [Source:HGNC Symbol;Acc:HGNC:9355]	1	0
ENSSHAG00000005007	1	4-hydroxyphenylpyruvate dioxygenase [Source:HGNC Symbol;Acc:HGNC:5147]	0	1
ENSSHAG00000018389	1	adenylate kinase 1 [Source:HGNC Symbol;Acc:HGNC:361]	1	0
ENSSHAG00000002693	1	ADP-ribosylation factor-like 9 [Source:HGNC Symbol;Acc:HGNC:23592]	0	1
ENSSHAG00000007874	1	oxysterol binding protein-like 6 [Source:HGNC Symbol;Acc:HGNC:16388]	0	1
ENSSHAG00000010664	1	solute carrier family 35, member E3 [Source:HGNC Symbol;Acc:HGNC:20864]	1	0
ENSSHAG00000016505	1	sema domain, immunoglobulin domain (Ig), transmembrane domain (TM) and short cytoplasmic domain, (semaphorin) 4F [Source:HGNC Symbol;Acc:HGNC:10734]	0	1
ENSSHAG00000013180	1	signal sequence receptor, beta (translocon-associated protein beta) [Source:HGNC Symbol;Acc:HGNC:11324]	1	0
ENSSHAG00000016509	1	transmembrane BAX inhibitor motif containing 1 [Source:HGNC Symbol;Acc:HGNC:23410]	1	0
ENSSHAG00000018208	1	ADAM metallopeptidase with thrombospondin type 1 motif, 7 [Source:HGNC Symbol;Acc:HGNC:223]	1	0
ENSSHAG00000004143	1	TERF1 (TRF1)-interacting nuclear factor 2 [Source:HGNC Symbol;Acc:HGNC:11824]	1	0
ENSSHAG00000012891	1	calcium channel, voltage-dependent, T type, alpha 1I subunit [Source:HGNC Symbol;Acc:HGNC:1396]	1	0
ENSSHAG00000006198	1	myelin associated glycoprotein [Source:HGNC Symbol;Acc:HGNC:6783]	0	1
ENSSHAG00000011088	1	endosulfine alpha [Source:HGNC Symbol;Acc:HGNC:3360]	0	1
ENSSHAG00000006195	1	ATPase, Ca++ transporting, type 2C, member 1 [Source:HGNC Symbol;Acc:HGNC:13211]	1	0
ENSSHAG00000013050	1	proline rich 21 [Source:HGNC Symbol;Acc:HGNC:33866]	0	1
ENSSHAG00000009085	1	NCK-associated protein 5 [Source:HGNC Symbol;Acc:HGNC:29847]	0	1
ENSSHAG00000002442	1	REC8 meiotic recombination protein [Source:HGNC Symbol;Acc:HGNC:16879]	1	0
ENSSHAG00000002099	1	FCH domain only 1 [Source:HGNC Symbol;Acc:HGNC:29002]	0	1
ENSSHAG00000012757	1	WD repeat domain 91 [Source:HGNC Symbol;Acc:HGNC:24997]	0	1
ENSSHAG00000012699	1	chromosome 7 open reading frame 49 [Source:HGNC Symbol;Acc:HGNC:22432]	0	1
ENSSHAG00000016847	1	T-cell leukemia homeobox 2 [Source:HGNC Symbol;Acc:HGNC:5057]	0	1
ENSSHAG00000013221	1	XK, Kell blood group complex subunit-related family, member 9 [Source:HGNC Symbol;Acc:HGNC:20937]	1	0
ENSSHAG00000011350	1	Uncharacterized protein  [Source:UniProtKB/TrEMBL;Acc:G3WCX1]	0	1
ENSSHAG00000017571	1	Uncharacterized protein  [Source:UniProtKB/TrEMBL;Acc:G3WZ63]	0	1
ENSSHAG00000004399	1	insulin-like 3 (Leydig cell) [Source:HGNC Symbol;Acc:HGNC:6086]	0	1
ENSSHAG00000001052	1	solute carrier family 19 (folate transporter), member 1 [Source:HGNC Symbol;Acc:HGNC:10937]	1	0
ENSSHAG00000010563	1	Src homology 2 domain containing transforming protein D [Source:HGNC Symbol;Acc:HGNC:30633]	1	0
ENSSHAG00000016876	1	mal, T-cell differentiation protein 2 (gene/pseudogene) [Source:HGNC Symbol;Acc:HGNC:13634]	1	0
ENSSHAG00000002845	2	carcinoembryonic antigen-related cell adhesion molecule 16 [Source:HGNC Symbol;Acc:HGNC:31948]	1	1
ENSSHAG00000003539	1	UDP-GlcNAc:betaGal beta-1,3-N-acetylglucosaminyltransferase 3 [Source:HGNC Symbol;Acc:HGNC:13528]	0	1
ENSSHAG00000003531	1	zinc finger and BTB domain containing 9 [Source:HGNC Symbol;Acc:HGNC:28323]	0	1
ENSSHAG00000003343	1	Uncharacterized protein  [Source:UniProtKB/TrEMBL;Acc:G3VKU3]	0	1
ENSSHAG00000006208	1	interleukin 1 receptor-like 2 [Source:HGNC Symbol;Acc:HGNC:5999]	1	0
ENSSHAG00000016985	1	rhotekin [Source:HGNC Symbol;Acc:HGNC:10466]	0	1
ENSSHAG00000002238	1	ankyrin repeat domain 28 [Source:HGNC Symbol;Acc:HGNC:29024]	1	0
ENSSHAG00000012273	1	CD180 molecule [Source:HGNC Symbol;Acc:HGNC:6726]	0	1
ENSSHAG00000014655	1	HAUS augmin-like complex, subunit 6 [Source:HGNC Symbol;Acc:HGNC:25948]	1	0
ENSSHAG00000015908	1	olfactory receptor, family 2, subfamily C, member 1 [Source:HGNC Symbol;Acc:HGNC:8242]	1	0
ENSSHAG00000002974	1	kallikrein-related peptidase 8 [Source:HGNC Symbol;Acc:HGNC:6369]	0	1
ENSSHAG00000010318	1		1	0
ENSSHAG00000012585	1	transcription factor AP-2 beta (activating enhancer binding protein 2 beta) [Source:HGNC Symbol;Acc:HGNC:11743]	0	1
ENSSHAG00000015902	1	ubiquitin specific peptidase 37 [Source:HGNC Symbol;Acc:HGNC:20063]	1	0
ENSSHAG00000008467	1	breast carcinoma amplified sequence 2 [Source:HGNC Symbol;Acc:HGNC:975]	0	1
ENSSHAG00000015900	1	histone acetyltransferase 1 [Source:HGNC Symbol;Acc:HGNC:4821]	1	0
ENSSHAG00000015273	1	dynein, cytoplasmic 1, intermediate chain 2 [Source:HGNC Symbol;Acc:HGNC:2964]	1	0
ENSSHAG00000016800	1	acyl-CoA synthetase long-chain family member 5 [Source:HGNC Symbol;Acc:HGNC:16526]	1	0
ENSSHAG00000016653	1	actin related protein 2/3 complex, subunit 2, 34kDa [Source:HGNC Symbol;Acc:HGNC:705]	1	0
ENSSHAG00000009141	1	kynureninase [Source:HGNC Symbol;Acc:HGNC:6469]	1	0
ENSSHAG00000013805	1	alkaline ceramidase 1 [Source:HGNC Symbol;Acc:HGNC:18356]	1	0
ENSSHAG00000006539	1	phospholipase B1 [Source:HGNC Symbol;Acc:HGNC:30041]	0	1
ENSSHAG00000000627	1	von Willebrand factor A domain containing 5A [Source:HGNC Symbol;Acc:HGNC:6658]	1	0
ENSSHAG00000000994	1	proteasome (prosome, macropain) activator subunit 2 (PA28 beta) [Source:HGNC Symbol;Acc:HGNC:9569]	1	0
ENSSHAG00000018613	1	solute carrier family 25 (mitochondrial carrier; phosphate carrier), member 25 [Source:HGNC Symbol;Acc:HGNC:20663]	1	0
ENSSHAG00000010383	1	Epstein-Barr virus induced 3 [Source:HGNC Symbol;Acc:HGNC:3129]	1	0
ENSSHAG00000007136	1	janus kinase and microtubule interacting protein 2 [Source:HGNC Symbol;Acc:HGNC:29067]	0	1
ENSSHAG00000000629	1	Uncharacterized protein  [Source:UniProtKB/TrEMBL;Acc:G3VBZ9]	0	1
ENSSHAG00000003083	1	Uncharacterized protein  [Source:UniProtKB/TrEMBL;Acc:G3VK05]	0	1
ENSSHAG00000015755	1	Uncharacterized protein  [Source:UniProtKB/TrEMBL;Acc:G3WT05]	1	0
ENSSHAG00000010598	1	solute carrier family 23 (ascorbic acid transporter), member 1 [Source:HGNC Symbol;Acc:HGNC:10974]	1	0
ENSSHAG00000011066	1	death associated protein 3 [Source:HGNC Symbol;Acc:HGNC:2673]	1	0
ENSSHAG00000017377	1	solute carrier family 39 (zinc transporter), member 13 [Source:HGNC Symbol;Acc:HGNC:20859]	0	1
ENSSHAG00000005544	1		0	1
ENSSHAG00000011102	1	GDP-D-glucose phosphorylase 1 [Source:HGNC Symbol;Acc:HGNC:34360]	1	0
ENSSHAG00000013202	1	Uncharacterized protein  [Source:UniProtKB/TrEMBL;Acc:G3WJ85]	0	1
ENSSHAG00000005237	1	solute carrier family 22 (organic anion/urate transporter), member 12 [Source:HGNC Symbol;Acc:HGNC:17989]	1	0
ENSSHAG00000007967	1	melanoma cell adhesion molecule [Source:HGNC Symbol;Acc:HGNC:6934]	0	1
ENSSHAG00000018038	1	aminopeptidase puromycin sensitive [Source:HGNC Symbol;Acc:HGNC:7900]	1	0
ENSSHAG00000007961	1	potassium voltage-gated channel, shaker-related subfamily, member 4 [Source:HGNC Symbol;Acc:HGNC:6222]	0	1
ENSSHAG00000013932	1	Uncharacterized protein  [Source:UniProtKB/TrEMBL;Acc:G3WLR7]	0	1
ENSSHAG00000012767	1	Uncharacterized protein  [Source:UniProtKB/TrEMBL;Acc:G3WHQ9]	1	0
ENSSHAG00000017393	1	proteasome (prosome, macropain) 26S subunit, ATPase, 3 [Source:HGNC Symbol;Acc:HGNC:9549]	0	1
ENSSHAG00000004935	1	Uncharacterized protein  [Source:UniProtKB/TrEMBL;Acc:G3VR42]	0	1
ENSSHAG00000009663	1	actin filament associated protein 1-like 1 [Source:HGNC Symbol;Acc:HGNC:26714]	0	1
ENSSHAG00000018402	1	Uncharacterized protein  [Source:UniProtKB/TrEMBL;Acc:G3X226]	1	0
ENSSHAG00000000552	1	Uncharacterized protein  [Source:UniProtKB/TrEMBL;Acc:G3VBR6]	0	1
ENSSHAG00000007550	1	dermokine [Source:HGNC Symbol;Acc:HGNC:25063]	0	1
ENSSHAG00000015721	1	Uncharacterized protein  [Source:UniProtKB/TrEMBL;Acc:G3WSW2]	1	0
ENSSHAG00000017650	1	ring finger protein 183 [Source:HGNC Symbol;Acc:HGNC:28721]	1	0
ENSSHAG00000010449	1	peroxiredoxin 4 [Source:HGNC Symbol;Acc:HGNC:17169]	1	0
ENSSHAG00000001507	1	solute carrier organic anion transporter family, member 6A1 [Source:HGNC Symbol;Acc:HGNC:23613]	1	0
ENSSHAG00000017714	1	FK506 binding protein 15, 133kDa [Source:HGNC Symbol;Acc:HGNC:23397]	1	0
ENSSHAG00000018921	1	sorting nexin 20 [Source:HGNC Symbol;Acc:HGNC:30390]	1	0
ENSSHAG00000017658	1	pre-mRNA processing factor 4 [Source:HGNC Symbol;Acc:HGNC:17349]	1	0
ENSSHAG00000017710	1	KIAA1324 [Source:HGNC Symbol;Acc:HGNC:29618]	1	0
ENSSHAG00000015197	1		1	0
ENSSHAG00000011613	1	HORMA domain containing 1 [Source:HGNC Symbol;Acc:HGNC:25245]	0	1
ENSSHAG00000017096	1	dynactin 1 [Source:HGNC Symbol;Acc:HGNC:2711]	0	1
ENSSHAG00000001872	1	interferon regulatory factor 9 [Source:HGNC Symbol;Acc:HGNC:6131]	1	0
ENSSHAG00000016872	1	polycomb group ring finger 1 [Source:HGNC Symbol;Acc:HGNC:17615]	0	1
ENSSHAG00000000179	1	Uncharacterized protein  [Source:UniProtKB/TrEMBL;Acc:G3VAK9]	0	1
ENSSHAG00000017898	1	suppressor of cytokine signaling 7 [Source:HGNC Symbol;Acc:HGNC:29846]	1	0
ENSSHAG00000017950	1	G protein-coupled receptor 179 [Source:HGNC Symbol;Acc:HGNC:31371]	1	0
ENSSHAG00000001892	1	TMED7-TICAM2 readthrough [Source:HGNC Symbol;Acc:HGNC:33945]	1	0
ENSSHAG00000000372	1	splicing factor 3b, subunit 3, 130kDa [Source:HGNC Symbol;Acc:HGNC:10770]	0	1
ENSSHAG00000001716	1	transmembrane protein 120B [Source:HGNC Symbol;Acc:HGNC:32008]	0	1
ENSSHAG00000017008	1	WD repeat domain 54 [Source:HGNC Symbol;Acc:HGNC:25770]	0	1
ENSSHAG00000005754	1	interleukin 1 receptor, type I [Source:HGNC Symbol;Acc:HGNC:5993]	1	0
ENSSHAG00000016023	1	mediator complex subunit 1 [Source:HGNC Symbol;Acc:HGNC:9234]	1	0
ENSSHAG00000011779	1	Uncharacterized protein  [Source:UniProtKB/TrEMBL;Acc:G3WEB8]	1	0
ENSSHAG00000016435	1	SH3 and cysteine rich domain 2 [Source:HGNC Symbol;Acc:HGNC:23990]	1	0
ENSSHAG00000003979	1	glucose-6-phosphate isomerase [Source:HGNC Symbol;Acc:HGNC:4458]	1	0
ENSSHAG00000017792	1	nucleoporin 160kDa [Source:HGNC Symbol;Acc:HGNC:18017]	0	1
ENSSHAG00000011803	1	ubiquitin-conjugating enzyme E2D 2 [Source:HGNC Symbol;Acc:HGNC:12475]	1	0
ENSSHAG00000013158	1	Uncharacterized protein  [Source:UniProtKB/TrEMBL;Acc:G3WJ30]	1	0
ENSSHAG00000017438	1	CUGBP, Elav-like family member 1 [Source:HGNC Symbol;Acc:HGNC:2549]	0	1
ENSSHAG00000018901	1	SH3-domain GRB2-like endophilin B2 [Source:HGNC Symbol;Acc:HGNC:10834]	0	1
ENSSHAG00000009365	1	GrpE-like 2, mitochondrial (E. coli) [Source:HGNC Symbol;Acc:HGNC:21060]	0	1
ENSSHAG00000012903	1	Uncharacterized protein  [Source:UniProtKB/TrEMBL;Acc:G3WI67]	1	0
ENSSHAG00000010351	1	ADP-ribosylation factor-like 14 effector protein [Source:HGNC Symbol;Acc:HGNC:26798]	0	1
ENSSHAG00000008138	1	Uncharacterized protein  [Source:UniProtKB/TrEMBL;Acc:G3W1V0]	1	0
ENSSHAG00000017671	1	Uncharacterized protein  [Source:UniProtKB/TrEMBL;Acc:G3WZI1]	0	1
ENSSHAG00000010528	1	ret proto-oncogene [Source:HGNC Symbol;Acc:HGNC:9967]	0	1
ENSSHAG00000010527	1	leptin receptor [Source:HGNC Symbol;Acc:HGNC:6554]	0	1
ENSSHAG00000008387	1	Uncharacterized protein  [Source:UniProtKB/TrEMBL;Acc:G3W2N4]	0	1
ENSSHAG00000013652	1	Uncharacterized protein  [Source:UniProtKB/TrEMBL;Acc:G3WKS7]	1	0
ENSSHAG00000006093	1	transmembrane protein 201 [Source:HGNC Symbol;Acc:HGNC:33719]	1	0
ENSSHAG00000014188	1	mitochondrial transcription termination factor 2 [Source:HGNC Symbol;Acc:HGNC:30779]	1	0
ENSSHAG00000008861	1		0	1
ENSSHAG00000011877	2	male-enhanced antigen 1 [Source:HGNC Symbol;Acc:HGNC:6986]	1	1
ENSSHAG00000004787	1	Uncharacterized protein  [Source:UniProtKB/TrEMBL;Acc:G3VQM4]	0	1
ENSSHAG00000012335	1	ADAMTS-like 1 [Source:HGNC Symbol;Acc:HGNC:14632]	1	0
ENSSHAG00000003618	1	serine hydroxymethyltransferase 1 (soluble) [Source:HGNC Symbol;Acc:HGNC:10850]	1	0
ENSSHAG00000015537	1	extracellular leucine-rich repeat and fibronectin type III domain containing 2 [Source:HGNC Symbol;Acc:HGNC:29396]	1	0
ENSSHAG00000007875	1	suprabasin [Source:HGNC Symbol;Acc:HGNC:24950]	0	1
ENSSHAG00000015824	1	RCD1 required for cell differentiation1 homolog (S. pombe) [Source:HGNC Symbol;Acc:HGNC:10445]	1	0
ENSSHAG00000004507	1	transglutaminase 1 [Source:HGNC Symbol;Acc:HGNC:11777]	1	0
ENSSHAG00000010533	1	Uncharacterized protein  [Source:UniProtKB/TrEMBL;Acc:G3WA40]	0	1
ENSSHAG00000004092	1	aquaporin 8 [Source:HGNC Symbol;Acc:HGNC:642]	1	0
ENSSHAG00000010799	1	protein-kinase, interferon-inducible double stranded RNA dependent inhibitor, repressor of (P58 repressor) [Source:HGNC Symbol;Acc:HGNC:9440]	0	1
ENSSHAG00000004688	1	potassium channel, subfamily T, member 1 [Source:HGNC Symbol;Acc:HGNC:18865]	1	0
ENSSHAG00000010417	1	Uncharacterized protein  [Source:UniProtKB/TrEMBL;Acc:G3W9Q3]	1	0
ENSSHAG00000012524	1	Ras-like without CAAX 1 [Source:HGNC Symbol;Acc:HGNC:10023]	1	0
ENSSHAG00000010793	1	spermatogenesis associated 24 [Source:HGNC Symbol;Acc:HGNC:27322]	1	0
ENSSHAG00000017408	1	receptor-associated protein of the synapse [Source:HGNC Symbol;Acc:HGNC:9863]	0	1
ENSSHAG00000007779	1	KH and NYN domain containing [Source:HGNC Symbol;Acc:HGNC:20166]	1	0
ENSSHAG00000011595	2	glycine N-methyltransferase [Source:HGNC Symbol;Acc:HGNC:4415]	1	1
ENSSHAG00000004590	1	SET domain containing 1B [Source:HGNC Symbol;Acc:HGNC:29187]	0	1
ENSSHAG00000018862	1	cysteine conjugate-beta lyase, cytoplasmic [Source:HGNC Symbol;Acc:HGNC:1564]	0	1
ENSSHAG00000017603	1	C1q and tumor necrosis factor related protein 4 [Source:HGNC Symbol;Acc:HGNC:14346]	0	1
ENSSHAG00000018861	2	tRNA nucleotidyl transferase, CCA-adding, 1 [Source:HGNC Symbol;Acc:HGNC:17341]	1	1
ENSSHAG00000018867	2	cereblon [Source:HGNC Symbol;Acc:HGNC:30185]	1	1
ENSSHAG00000004613	1	zinc finger protein 215 [Source:HGNC Symbol;Acc:HGNC:13007]	0	1
ENSSHAG00000014231	1	family with sequence similarity 154, member A [Source:HGNC Symbol;Acc:HGNC:28566]	1	0
ENSSHAG00000008214	1	transmembrane protein 147 [Source:HGNC Symbol;Acc:HGNC:30414]	0	1
ENSSHAG00000015381	1	ubiquitin-like modifier activating enzyme 5 [Source:HGNC Symbol;Acc:HGNC:23230]	1	0
ENSSHAG00000005371	1		1	0
ENSSHAG00000011023	1	Uncharacterized protein  [Source:UniProtKB/TrEMBL;Acc:G3WBT3]	1	0
ENSSHAG00000010707	1	ADAMTS-like 4 [Source:HGNC Symbol;Acc:HGNC:19706]	0	1
ENSSHAG00000005936	1	Thy-1 cell surface antigen [Source:HGNC Symbol;Acc:HGNC:11801]	0	1
ENSSHAG00000009444	1	adenosine monophosphate deaminase 1 [Source:HGNC Symbol;Acc:HGNC:468]	0	1
ENSSHAG00000016585	1	meiosis 1 associated protein [Source:HGNC Symbol;Acc:HGNC:25183]	0	1
ENSSHAG00000002909	1	Uncharacterized protein  [Source:UniProtKB/TrEMBL;Acc:G3VJF1]	1	0
ENSSHAG00000003455	1	Uncharacterized protein  [Source:UniProtKB/TrEMBL;Acc:G3VL68]	0	1
ENSSHAG00000002619	1	importin 4 [Source:HGNC Symbol;Acc:HGNC:19426]	1	0
ENSSHAG00000009704	1	spermidine/spermine N1-acetyltransferase 1 [Source:HGNC Symbol;Acc:HGNC:10540]	1	0
ENSSHAG00000018524	1	family with sequence similarity 102, member A [Source:HGNC Symbol;Acc:HGNC:31419]	1	0
ENSSHAG00000004978	1	Janus kinase 3 [Source:HGNC Symbol;Acc:HGNC:6193]	0	1
ENSSHAG00000004971	1	interleukin 34 [Source:HGNC Symbol;Acc:HGNC:28529]	0	1
ENSSHAG00000007056	1	CXADR-like membrane protein [Source:HGNC Symbol;Acc:HGNC:24039]	0	1
ENSSHAG00000015316	1	chromosome 11 open reading frame 88 [Source:HGNC Symbol;Acc:HGNC:25061]	1	0
ENSSHAG00000017598	1	family with sequence similarity 180, member B [Source:HGNC Symbol;Acc:HGNC:34451]	0	1
ENSSHAG00000008283	1	protein inhibitor of activated STAT, 4 [Source:HGNC Symbol;Acc:HGNC:17002]	1	0
ENSSHAG00000014515	1	interleukin 2 receptor, beta [Source:HGNC Symbol;Acc:HGNC:6009]	1	0
ENSSHAG00000005903	1	Uncharacterized protein  [Source:UniProtKB/TrEMBL;Acc:G3VUD7]	0	1
ENSSHAG00000000485	1	crystallin, zeta (quinone reductase) [Source:HGNC Symbol;Acc:HGNC:2419]	0	1
ENSSHAG00000011155	1		1	0
ENSSHAG00000011157	1	Uncharacterized protein  [Source:UniProtKB/TrEMBL;Acc:G3WC89]	0	1
ENSSHAG00000017619	1	WD repeat domain 31 [Source:HGNC Symbol;Acc:HGNC:21421]	1	0
ENSSHAG00000013334	1	lactamase, beta 2 [Source:HGNC Symbol;Acc:HGNC:18512]	1	0
ENSSHAG00000017291	1	Spi-1 proto-oncogene [Source:HGNC Symbol;Acc:HGNC:11241]	0	1
ENSSHAG00000008721	1	Uncharacterized protein  [Source:UniProtKB/TrEMBL;Acc:G3W3T0]	0	1
ENSSHAG00000003516	1	EMI domain containing 1 [Source:HGNC Symbol;Acc:HGNC:18036]	0	1
ENSSHAG00000018043	1	Uncharacterized protein  [Source:UniProtKB/TrEMBL;Acc:G3X0T2]	1	0
ENSSHAG00000010178	1	FK506 binding protein 7 [Source:HGNC Symbol;Acc:HGNC:3723]	0	1
ENSSHAG00000018048	1	Uncharacterized protein  [Source:UniProtKB/TrEMBL;Acc:G3X0T7]	1	0
ENSSHAG00000017914	1	family with sequence similarity 214, member A [Source:HGNC Symbol;Acc:HGNC:25609]	1	0
ENSSHAG00000008807	1	leucine rich repeat neuronal 2 [Source:HGNC Symbol;Acc:HGNC:16914]	0	1
ENSSHAG00000007351	1	Uncharacterized protein  [Source:UniProtKB/TrEMBL;Acc:G3VZ82]	1	0
ENSSHAG00000016268	1	Uncharacterized protein  [Source:UniProtKB/TrEMBL;Acc:G3WUQ4]	1	0
ENSSHAG00000001535	1	microfibrillar-associated protein 3 [Source:HGNC Symbol;Acc:HGNC:7034]	1	0
ENSSHAG00000005150	2		1	1
ENSSHAG00000001921	1	Ras association (RalGDS/AF-6) domain family member 3 [Source:HGNC Symbol;Acc:HGNC:14271]	0	1
ENSSHAG00000002687	1	Uncharacterized protein  [Source:UniProtKB/TrEMBL;Acc:G3VIM4]	0	1
ENSSHAG00000005158	1	periplakin [Source:HGNC Symbol;Acc:HGNC:9273]	1	0
ENSSHAG00000001927	1	Uncharacterized protein  [Source:UniProtKB/TrEMBL;Acc:G3VG61]	0	1
ENSSHAG00000004209	1	clarin 3 [Source:HGNC Symbol;Acc:HGNC:20795]	0	1
ENSSHAG00000010775	1	vacuolar protein sorting 33 homolog B (yeast) [Source:HGNC Symbol;Acc:HGNC:12712]	1	0
ENSSHAG00000016062	1	villin 1 [Source:HGNC Symbol;Acc:HGNC:12690]	1	0
ENSSHAG00000005791	1	Uncharacterized protein  [Source:UniProtKB/TrEMBL;Acc:G3VU00]	0	1
ENSSHAG00000017963	1	proline/serine-rich coiled-coil 1 [Source:HGNC Symbol;Acc:HGNC:24472]	1	0
ENSSHAG00000011607	1	microtubule associated serine/threonine kinase family member 4 [Source:HGNC Symbol;Acc:HGNC:19037]	0	1
ENSSHAG00000009287	1	ubiquitin protein ligase E3 component n-recognin 2 [Source:HGNC Symbol;Acc:HGNC:21289]	0	1
ENSSHAG00000000350	1	NIMA-related kinase 11 [Source:HGNC Symbol;Acc:HGNC:18593]	1	0
ENSSHAG00000013608	1	Uncharacterized protein  [Source:UniProtKB/TrEMBL;Acc:G3WKM8]	1	0
ENSSHAG00000001198	1	kinesin family member C1 [Source:HGNC Symbol;Acc:HGNC:6389]	0	1
ENSSHAG00000013466	1	mex-3 RNA binding family member A [Source:HGNC Symbol;Acc:HGNC:33482]	1	0
ENSSHAG00000006058	1	cell death-inducing DFFA-like effector b [Source:HGNC Symbol;Acc:HGNC:1977]	1	0
ENSSHAG00000016569	1	collectin sub-family member 10 (C-type lectin) [Source:HGNC Symbol;Acc:HGNC:2220]	1	0
ENSSHAG00000013695	1	estrogen-related receptor beta [Source:HGNC Symbol;Acc:HGNC:3473]	0	1
ENSSHAG00000002434	1	Uncharacterized protein  [Source:UniProtKB/TrEMBL;Acc:G3VHU8]	1	0
ENSSHAG00000013165	1	TBC1 (tre-2/USP6, BUB2, cdc16) domain family, member 1 [Source:HGNC Symbol;Acc:HGNC:11578]	1	0
ENSSHAG00000000692	1	Uncharacterized protein  [Source:UniProtKB/TrEMBL;Acc:G3VC71]	0	1
ENSSHAG00000012063	1	phospholipase C, eta 1 [Source:HGNC Symbol;Acc:HGNC:29185]	0	1
ENSSHAG00000004373	1	Uncharacterized protein  [Source:UniProtKB/TrEMBL;Acc:G3VP92]	1	0
ENSSHAG00000001690	1	tumor necrosis factor, alpha-induced protein 8-like 1 [Source:HGNC Symbol;Acc:HGNC:28279]	1	0
ENSSHAG00000012741	1	transmembrane protein 55A [Source:HGNC Symbol;Acc:HGNC:25452]	0	1
ENSSHAG00000011785	1	zinc finger protein 710 [Source:HGNC Symbol;Acc:HGNC:25352]	1	0
ENSSHAG00000001695	1	family with sequence similarity 13, member A [Source:HGNC Symbol;Acc:HGNC:19367]	0	1
ENSSHAG00000006119	1	guanine nucleotide binding protein (G protein), alpha 11 (Gq class) [Source:HGNC Symbol;Acc:HGNC:4379]	1	0
ENSSHAG00000016968	1	WW domain binding protein 1 [Source:HGNC Symbol;Acc:HGNC:12737]	0	1
ENSSHAG00000017464	1	ALG6, alpha-1,3-glucosyltransferase [Source:HGNC Symbol;Acc:HGNC:23157]	0	1
ENSSHAG00000017543	1	polymerase (DNA directed), epsilon 3, accessory subunit [Source:HGNC Symbol;Acc:HGNC:13546]	1	0
ENSSHAG00000008254	1	ATPase, H+/K+ exchanging, alpha polypeptide [Source:HGNC Symbol;Acc:HGNC:819]	0	1
ENSSHAG00000010511	1	poly(A) binding protein interacting protein 2 [Source:HGNC Symbol;Acc:HGNC:17970]	1	0
ENSSHAG00000006736	1	free fatty acid receptor 1 [Source:HGNC Symbol;Acc:HGNC:4498]	0	1
ENSSHAG00000016316	1	Uncharacterized protein  [Source:UniProtKB/TrEMBL;Acc:G3WUV9]	1	0
ENSSHAG00000003330	1	Uncharacterized protein  [Source:UniProtKB/TrEMBL;Acc:G3VKS7]	0	1
ENSSHAG00000002227	1	cutA divalent cation tolerance homolog (E. coli) [Source:HGNC Symbol;Acc:HGNC:21101]	0	1
ENSSHAG00000014465	1	tenascin R [Source:HGNC Symbol;Acc:HGNC:11953]	1	0
ENSSHAG00000007737	1	cerebellin 3 precursor [Source:HGNC Symbol;Acc:HGNC:20146]	1	0
ENSSHAG00000018824	1	protein kinase N3 [Source:HGNC Symbol;Acc:HGNC:17999]	0	1
ENSSHAG00000009452	1	Uncharacterized protein  [Source:UniProtKB/TrEMBL;Acc:G3W6B2]	1	0
ENSSHAG00000018828	1	zinc finger, DHHC-type containing 12 [Source:HGNC Symbol;Acc:HGNC:19159]	0	1
ENSSHAG00000017795	1	solute carrier family 31 (copper transporter), member 2 [Source:HGNC Symbol;Acc:HGNC:11017]	1	0
ENSSHAG00000010428	1	coiled-coil domain containing 94 [Source:HGNC Symbol;Acc:HGNC:25518]	1	0
ENSSHAG00000009232	1	leucine-rich repeats and IQ motif containing 3 [Source:HGNC Symbol;Acc:HGNC:28318]	1	0
ENSSHAG00000018520	1	contactin 4 [Source:HGNC Symbol;Acc:HGNC:2174]	0	1
ENSSHAG00000007499	1	heat shock 70kDa protein 8 [Source:HGNC Symbol;Acc:HGNC:5241]	0	1
ENSSHAG00000011912	2	kelch domain containing 3 [Source:HGNC Symbol;Acc:HGNC:20704]	1	1
ENSSHAG00000010389	1	protease, serine, 38 [Source:HGNC Symbol;Acc:HGNC:29625]	0	1
ENSSHAG00000003416	1	testis-specific serine kinase 4 [Source:HGNC Symbol;Acc:HGNC:19825]	1	0
ENSSHAG00000003415	1	ribosomal protein S6 kinase, 90kDa, polypeptide 4 [Source:HGNC Symbol;Acc:HGNC:10433]	1	0
ENSSHAG00000003124	1	solute carrier family 9, subfamily A (NHE1, cation proton antiporter 1), member 1 [Source:HGNC Symbol;Acc:HGNC:11071]	1	0
ENSSHAG00000006426	1	potassium intermediate/small conductance calcium-activated channel, subfamily N, member 2 [Source:HGNC Symbol;Acc:HGNC:6291]	1	0
ENSSHAG00000003791	1	Uncharacterized protein  [Source:UniProtKB/TrEMBL;Acc:G3VMA0]	0	1
ENSSHAG00000004729	1	Uncharacterized protein  [Source:UniProtKB/TrEMBL;Acc:G3VQF7]	0	1
ENSSHAG00000006302	1	Uncharacterized protein  [Source:UniProtKB/TrEMBL;Acc:G3VVP7]	0	1
ENSSHAG00000007642	1	interleukin 1 receptor-like 1 [Source:HGNC Symbol;Acc:HGNC:5998]	1	0
ENSSHAG00000000614	1	signal recognition particle 72kDa [Source:HGNC Symbol;Acc:HGNC:11303]	0	1
ENSSHAG00000007088	1	Uncharacterized protein  [Source:UniProtKB/TrEMBL;Acc:G3VYC5]	0	1
ENSSHAG00000010946	1	DnaJ (Hsp40) homolog, subfamily C, member 18 [Source:HGNC Symbol;Acc:HGNC:28429]	1	0
ENSSHAG00000017261	1	nephroblastoma overexpressed [Source:HGNC Symbol;Acc:HGNC:7885]	1	0
ENSSHAG00000017260	1	LSM1, U6 small nuclear RNA associated [Source:HGNC Symbol;Acc:HGNC:20472]	0	1
ENSSHAG00000017263	1	regulator of G-protein signaling 3 [Source:HGNC Symbol;Acc:HGNC:9999]	1	0
ENSSHAG00000010942	2	GLTSCR1-like [Source:HGNC Symbol;Acc:HGNC:21111]	1	1
ENSSHAG00000017173	1	Uncharacterized protein  [Source:UniProtKB/TrEMBL;Acc:G3WXU1]	0	1
ENSSHAG00000002488	1	Uncharacterized protein  [Source:UniProtKB/TrEMBL;Acc:G3VI06]	0	1
ENSSHAG00000003703	1	Uncharacterized protein  [Source:UniProtKB/TrEMBL;Acc:G3VLZ7]	1	0
ENSSHAG00000009677	1	Uncharacterized protein  [Source:UniProtKB/TrEMBL;Acc:G3W742]	0	1
ENSSHAG00000015138	1	transmembrane protein 132C [Source:HGNC Symbol;Acc:HGNC:25436]	1	0
ENSSHAG00000015036	1	interferon, gamma [Source:HGNC Symbol;Acc:HGNC:5438]	1	0
ENSSHAG00000018006	1	sortilin 1 [Source:HGNC Symbol;Acc:HGNC:11186]	1	0
ENSSHAG00000015130	1	chromosome 7 open reading frame 50 [Source:HGNC Symbol;Acc:HGNC:22421]	1	0
ENSSHAG00000004909	1	Rab geranylgeranyltransferase, alpha subunit [Source:HGNC Symbol;Acc:HGNC:9795]	1	0
ENSSHAG00000015134	1	fibronectin type III and SPRY domain containing 1-like [Source:HGNC Symbol;Acc:HGNC:13753]	1	0
ENSSHAG00000015731	1	DnaJ (Hsp40) homolog, subfamily C, member 13 [Source:HGNC Symbol;Acc:HGNC:30343]	1	0
ENSSHAG00000017318	1	BCL2-associated athanogene 4 [Source:HGNC Symbol;Acc:HGNC:940]	0	1
ENSSHAG00000014842	1	Uncharacterized protein  [Source:UniProtKB/TrEMBL;Acc:G3WPW3]	0	1
ENSSHAG00000017648	1	myosin VA (heavy chain 12, myoxin) [Source:HGNC Symbol;Acc:HGNC:7602]	1	0
ENSSHAG00000010286	1	threonyl-tRNA synthetase 2, mitochondrial (putative) [Source:HGNC Symbol;Acc:HGNC:30740]	0	1
ENSSHAG00000010284	1	Uncharacterized protein  [Source:UniProtKB/TrEMBL;Acc:G3W986]	1	0
ENSSHAG00000015736	1	phospholipase C, delta 4 [Source:HGNC Symbol;Acc:HGNC:9062]	1	0
ENSSHAG00000018484	1	Uncharacterized protein  [Source:UniProtKB/TrEMBL;Acc:G3X2C6]	1	0
ENSSHAG00000018485	1	ST6 (alpha-N-acetyl-neuraminyl-2,3-beta-galactosyl-1,3)-N-acetylgalactosaminide alpha-2,6-sialyltransferase 4 [Source:HGNC Symbol;Acc:HGNC:17846]	1	0
ENSSHAG00000017313	1	EF-hand calcium binding domain 7 [Source:HGNC Symbol;Acc:HGNC:29379]	0	1
ENSSHAG00000005834	1	Uncharacterized protein  [Source:UniProtKB/TrEMBL;Acc:G3VU48]	1	0
ENSSHAG00000008804	1	zinc finger and BTB domain containing 7A [Source:HGNC Symbol;Acc:HGNC:18078]	1	0
ENSSHAG00000005295	1	ras responsive element binding protein 1 [Source:HGNC Symbol;Acc:HGNC:10449]	1	0
ENSSHAG00000005939	1	Uncharacterized protein  [Source:UniProtKB/TrEMBL;Acc:G3VUI0]	0	1
ENSSHAG00000017726	1	Rho GTPase activating protein 23 [Source:HGNC Symbol;Acc:HGNC:29293]	1	0
ENSSHAG00000016221	1	solute carrier family 11 (proton-coupled divalent metal ion transporter), member 1 [Source:HGNC Symbol;Acc:HGNC:10907]	1	0
ENSSHAG00000016146	1	Uncharacterized protein  [Source:UniProtKB/TrEMBL;Acc:G3WUB7]	1	0
ENSSHAG00000009123	1	interleukin 17B [Source:HGNC Symbol;Acc:HGNC:5982]	0	1
ENSSHAG00000001968	1	Uncharacterized protein  [Source:UniProtKB/TrEMBL;Acc:G3VGA8]	0	1
ENSSHAG00000005882	1	Uncharacterized protein  [Source:UniProtKB/TrEMBL;Acc:G3VUB2]	0	1
ENSSHAG00000018894	1	dolichol kinase [Source:HGNC Symbol;Acc:HGNC:23406]	0	1
ENSSHAG00000013522	1	Uncharacterized protein  [Source:UniProtKB/TrEMBL;Acc:G3WKB5]	0	1
ENSSHAG00000010894	1	myeloid cell leukemia 1 [Source:HGNC Symbol;Acc:HGNC:6943]	0	1
ENSSHAG00000016528	1	cadherin 17, LI cadherin (liver-intestine) [Source:HGNC Symbol;Acc:HGNC:1756]	1	0
ENSSHAG00000005062	1	BMS1 ribosome biogenesis factor [Source:HGNC Symbol;Acc:HGNC:23505]	0	1
ENSSHAG00000017038	1	RAD54 homolog B (S. cerevisiae) [Source:HGNC Symbol;Acc:HGNC:17228]	1	0
ENSSHAG00000001794	1	Uncharacterized protein  [Source:UniProtKB/TrEMBL;Acc:G3VFR3]	0	1
ENSSHAG00000012140	2	kinesin light chain 4 [Source:HGNC Symbol;Acc:HGNC:21624]	1	1
ENSSHAG00000017371	1	membrane associated guanylate kinase, WW and PDZ domain containing 1 [Source:HGNC Symbol;Acc:HGNC:946]	0	1
ENSSHAG00000011742	1	misato 1, mitochondrial distribution and morphology regulator [Source:HGNC Symbol;Acc:HGNC:29678]	1	0
ENSSHAG00000010025	1	Uncharacterized protein  [Source:UniProtKB/TrEMBL;Acc:G3W8B5]	0	1
ENSSHAG00000008116	1	glyceraldehyde-3-phosphate dehydrogenase, spermatogenic [Source:HGNC Symbol;Acc:HGNC:24864]	0	1
ENSSHAG00000017425	1	myosin VC [Source:HGNC Symbol;Acc:HGNC:7604]	1	0
ENSSHAG00000014793	1	perilipin 2 [Source:HGNC Symbol;Acc:HGNC:248]	1	0
ENSSHAG00000013639	1	CCR4-NOT transcription complex, subunit 4 [Source:HGNC Symbol;Acc:HGNC:7880]	0	1
ENSSHAG00000003365	1	Uncharacterized protein  [Source:UniProtKB/TrEMBL;Acc:G3VKW5]	0	1
ENSSHAG00000002507	1	synaptic Ras GTPase activating protein 1 [Source:HGNC Symbol;Acc:HGNC:11497]	0	1
ENSSHAG00000005328	1	Uncharacterized protein  [Source:UniProtKB/TrEMBL;Acc:G3VSG8]	0	1
ENSSHAG00000014427	1	germ cell-less, spermatogenesis associated 1 [Source:HGNC Symbol;Acc:HGNC:23843]	0	1
ENSSHAG00000011905	1	Uncharacterized protein  [Source:UniProtKB/TrEMBL;Acc:G3WER4]	1	0
ENSSHAG00000004518	1	polycystic kidney disease 2 (autosomal dominant) [Source:HGNC Symbol;Acc:HGNC:9009]	0	1
ENSSHAG00000015817	1	zinc finger and SCAN domain containing 32 [Source:HGNC Symbol;Acc:HGNC:20812]	1	0
ENSSHAG00000006936	1	guanine nucleotide binding protein (G protein), alpha 15 (Gq class) [Source:HGNC Symbol;Acc:HGNC:4383]	1	0
ENSSHAG00000006933	1	free fatty acid receptor 2 [Source:HGNC Symbol;Acc:HGNC:4501]	0	1
ENSSHAG00000016911	1	tetratricopeptide repeat domain 31 [Source:HGNC Symbol;Acc:HGNC:25759]	0	1
ENSSHAG00000010541	1	titin [Source:HGNC Symbol;Acc:HGNC:12403]	0	1
ENSSHAG00000018442	1	Ca++-dependent secretion activator [Source:HGNC Symbol;Acc:HGNC:1426]	0	1
ENSSHAG00000002863	1	Uncharacterized protein  [Source:UniProtKB/TrEMBL;Acc:G3VJ91]	0	1
ENSSHAG00000008242	1	Uncharacterized protein  [Source:UniProtKB/TrEMBL;Acc:G3W271]	0	1
ENSSHAG00000003101	1	YTH domain containing 2 [Source:HGNC Symbol;Acc:HGNC:24721]	1	0
ENSSHAG00000011034	1	Uncharacterized protein  [Source:UniProtKB/TrEMBL;Acc:G3WBU4]	0	1
ENSSHAG00000006269	1	inositol 1,4,5-trisphosphate receptor, type 3 [Source:HGNC Symbol;Acc:HGNC:6182]	0	1
ENSSHAG00000015125	1	AP2 associated kinase 1 [Source:HGNC Symbol;Acc:HGNC:19679]	0	1
ENSSHAG00000012211	1	poliovirus receptor-related 3 [Source:HGNC Symbol;Acc:HGNC:17664]	1	0
ENSSHAG00000014731	1	C1q and tumor necrosis factor related protein 6 [Source:HGNC Symbol;Acc:HGNC:14343]	1	0
ENSSHAG00000014737	1	solute carrier family 15 (oligopeptide transporter), member 4 [Source:HGNC Symbol;Acc:HGNC:23090]	1	0
ENSSHAG00000007767	1	MDM4, p53 regulator [Source:HGNC Symbol;Acc:HGNC:6974]	0	1
ENSSHAG00000006340	1	adenylate cyclase 4 [Source:HGNC Symbol;Acc:HGNC:235]	1	0
ENSSHAG00000012964	1	Rho/Rac guanine nucleotide exchange factor (GEF) 2 [Source:HGNC Symbol;Acc:HGNC:682]	1	0
ENSSHAG00000003190	1	Uncharacterized protein  [Source:UniProtKB/TrEMBL;Acc:G3VKC6]	1	0
ENSSHAG00000010331	1	matrin 3 [Source:HGNC Symbol;Acc:HGNC:6912]	1	0
ENSSHAG00000001435	1	EWS RNA-binding protein 1 [Source:HGNC Symbol;Acc:HGNC:3508]	0	1
ENSSHAG00000016675	1	Uncharacterized protein  [Source:UniProtKB/TrEMBL;Acc:G3WW35]	1	0
ENSSHAG00000017397	1	phosphatidic acid phosphatase type 2 domain containing 1B [Source:HGNC Symbol;Acc:HGNC:25026]	0	1
ENSSHAG00000002917	1	Uncharacterized protein  [Source:UniProtKB/TrEMBL;Acc:G3VJG4]	0	1
ENSSHAG00000016957	1	mitochondrial ribosomal protein L53 [Source:HGNC Symbol;Acc:HGNC:16684]	0	1
ENSSHAG00000006515	1	ubiquitin specific peptidase 2 [Source:HGNC Symbol;Acc:HGNC:12618]	0	1
ENSSHAG00000015374	1	B-cell translocation gene 4 [Source:HGNC Symbol;Acc:HGNC:13862]	1	0
ENSSHAG00000014812	1	somatostatin receptor 3 [Source:HGNC Symbol;Acc:HGNC:11332]	1	0
ENSSHAG00000014310	1	cyclin-dependent kinase-like 4 [Source:HGNC Symbol;Acc:HGNC:19287]	0	1
ENSSHAG00000012650	1	transmembrane protein 140 [Source:HGNC Symbol;Acc:HGNC:21870]	0	1
ENSSHAG00000006584	1	solute carrier family 25 (pyrimidine nucleotide carrier), member 33 [Source:HGNC Symbol;Acc:HGNC:29681]	1	0
ENSSHAG00000006943	1	Uncharacterized protein  [Source:UniProtKB/TrEMBL;Acc:G3VXU9]	1	0
ENSSHAG00000011649	2	peroxisomal biogenesis factor 6 [Source:HGNC Symbol;Acc:HGNC:8859]	1	1
ENSSHAG00000015086	1	cytohesin 4 [Source:HGNC Symbol;Acc:HGNC:9505]	1	0
ENSSHAG00000015089	1	layilin [Source:HGNC Symbol;Acc:HGNC:29471]	1	0
ENSSHAG00000016770	1	docking protein 1, 62kDa (downstream of tyrosine kinase 1) [Source:HGNC Symbol;Acc:HGNC:2990]	0	1
ENSSHAG00000010345	1	guanine monphosphate synthase [Source:HGNC Symbol;Acc:HGNC:4378]	0	1
ENSSHAG00000005893	1	ubinuclein 1 [Source:HGNC Symbol;Acc:HGNC:12506]	1	0
ENSSHAG00000018422	1	ST6 (alpha-N-acetyl-neuraminyl-2,3-beta-galactosyl-1,3)-N-acetylgalactosaminide alpha-2,6-sialyltransferase 6 [Source:HGNC Symbol;Acc:HGNC:23364]	1	0
ENSSHAG00000007336	1	keratinocyte differentiation-associated protein [Source:HGNC Symbol;Acc:HGNC:16313]	0	1
ENSSHAG00000012814	1	phosphoenolpyruvate carboxykinase 1 (soluble) [Source:HGNC Symbol;Acc:HGNC:8724]	0	1
ENSSHAG00000000108	1		1	0
ENSSHAG00000007338	1	NYN domain and retroviral integrase containing [Source:HGNC Symbol;Acc:HGNC:20165]	1	0
ENSSHAG00000017672	1	cell division cycle 26 [Source:HGNC Symbol;Acc:HGNC:17839]	1	0
ENSSHAG00000000475	1	dynein, axonemal, heavy chain 6 [Source:HGNC Symbol;Acc:HGNC:2951]	0	1
ENSSHAG00000017855	1	seryl-tRNA synthetase [Source:HGNC Symbol;Acc:HGNC:10537]	1	0
ENSSHAG00000000589	1	NLR family, pyrin domain containing 3 [Source:HGNC Symbol;Acc:HGNC:16400]	0	1
ENSSHAG00000014830	1	T-cell immunoglobulin and mucin domain containing 4 [Source:HGNC Symbol;Acc:HGNC:25132]	0	1
ENSSHAG00000001528	1	Wilms tumor 1 interacting protein [Source:HGNC Symbol;Acc:HGNC:20964]	1	0
ENSSHAG00000016177	1	cytotoxic T-lymphocyte-associated protein 4 [Source:HGNC Symbol;Acc:HGNC:2505]	1	0
ENSSHAG00000010763	1	proline-rich basic protein 1 [Source:HGNC Symbol;Acc:HGNC:41906]	1	0
ENSSHAG00000008809	1	Uncharacterized protein  [Source:UniProtKB/TrEMBL;Acc:G3W441]	0	1
ENSSHAG00000008636	1	DENN/MADD domain containing 2C [Source:HGNC Symbol;Acc:HGNC:24748]	0	1
ENSSHAG00000010768	1	minichromosome maintenance complex binding protein [Source:HGNC Symbol;Acc:HGNC:25782]	1	0
ENSSHAG00000005785	1	ring finger protein 216 [Source:HGNC Symbol;Acc:HGNC:21698]	1	0
ENSSHAG00000002328	1	Uncharacterized protein  [Source:UniProtKB/TrEMBL;Acc:G3VHH9]	0	1
ENSSHAG00000017979	1	mitochondrial ribosomal protein L45 [Source:HGNC Symbol;Acc:HGNC:16651]	1	0
ENSSHAG00000011487	1	transcription factor AP-4 (activating enhancer binding protein 4) [Source:HGNC Symbol;Acc:HGNC:11745]	0	1
ENSSHAG00000007043	1	exportin, tRNA [Source:HGNC Symbol;Acc:HGNC:12826]	0	1
ENSSHAG00000011558	2	canopy FGF signaling regulator 3 [Source:HGNC Symbol;Acc:HGNC:11968]	1	1
ENSSHAG00000016783	1	lysyl oxidase-like 3 [Source:HGNC Symbol;Acc:HGNC:13869]	0	1
ENSSHAG00000012089	1	transmembrane protein 259 [Source:HGNC Symbol;Acc:HGNC:17039]	1	0
ENSSHAG00000011950	1	cathepsin S [Source:HGNC Symbol;Acc:HGNC:2545]	0	1
ENSSHAG00000016008	1	G protein-coupled estrogen receptor 1 [Source:HGNC Symbol;Acc:HGNC:4485]	1	0
ENSSHAG00000016550	1	zinc finger protein 200 [Source:HGNC Symbol;Acc:HGNC:12993]	1	0
ENSSHAG00000005732	1	dehydrogenase/reductase (SDR family) member 1 [Source:HGNC Symbol;Acc:HGNC:16445]	1	0
ENSSHAG00000002427	1	ATP-binding cassette, sub-family G (WHITE), member 2 [Source:HGNC Symbol;Acc:HGNC:74]	0	1
ENSSHAG00000018837	2	interleukin 5 receptor, alpha [Source:HGNC Symbol;Acc:HGNC:6017]	1	1
ENSSHAG00000002423	1	interleukin 1 receptor, type II [Source:HGNC Symbol;Acc:HGNC:5994]	1	0
ENSSHAG00000008028	1	Cbl proto-oncogene, E3 ubiquitin protein ligase [Source:HGNC Symbol;Acc:HGNC:1541]	0	1
ENSSHAG00000006046	1	WD repeat domain 66 [Source:HGNC Symbol;Acc:HGNC:28506]	0	1
ENSSHAG00000002138	1	coiled-coil domain containing 88B [Source:HGNC Symbol;Acc:HGNC:26757]	1	0
ENSSHAG00000010783	1	solute carrier family 33 (acetyl-CoA transporter), member 1 [Source:HGNC Symbol;Acc:HGNC:95]	0	1
ENSSHAG00000008249	1	stromal interaction molecule 2 [Source:HGNC Symbol;Acc:HGNC:19205]	0	1
ENSSHAG00000017411	1	Wolf-Hirschhorn syndrome candidate 1-like 1 [Source:HGNC Symbol;Acc:HGNC:12767]	0	1
ENSSHAG00000017552	1	aminolevulinate dehydratase [Source:HGNC Symbol;Acc:HGNC:395]	1	0
ENSSHAG00000003392	1	rhomboid domain containing 3 [Source:HGNC Symbol;Acc:HGNC:1308]	0	1
ENSSHAG00000009935	1	Uncharacterized protein  [Source:UniProtKB/TrEMBL;Acc:G3W805]	1	0
ENSSHAG00000016958	1	LSM11, U7 small nuclear RNA associated [Source:HGNC Symbol;Acc:HGNC:30860]	1	0
ENSSHAG00000016959	1	mannosyl-oligosaccharide glucosidase [Source:HGNC Symbol;Acc:HGNC:24862]	0	1
ENSSHAG00000009831	1	cold shock domain containing E1, RNA-binding [Source:HGNC Symbol;Acc:HGNC:29905]	0	1
ENSSHAG00000014069	1	activating transcription factor 4 [Source:HGNC Symbol;Acc:HGNC:786]	1	0
ENSSHAG00000016897	1	ladybird homeobox 2 [Source:HGNC Symbol;Acc:HGNC:15525]	0	1
ENSSHAG00000003256	1	Uncharacterized protein  [Source:UniProtKB/TrEMBL;Acc:G3VKJ8]	0	1
ENSSHAG00000011958	1	ATP/GTP binding protein-like 3 [Source:HGNC Symbol;Acc:HGNC:27981]	0	1
ENSSHAG00000001185	2		1	1
ENSSHAG00000002257	1	solute carrier family 2 (facilitated glucose/fructose transporter), member 5 [Source:HGNC Symbol;Acc:HGNC:11010]	0	1
ENSSHAG00000015450	1	acyl-CoA dehydrogenase family, member 11 [Source:HGNC Symbol;Acc:HGNC:30211]	1	0
ENSSHAG00000009949	1	protein kinase, interferon-inducible double stranded RNA dependent activator [Source:HGNC Symbol;Acc:HGNC:9438]	0	1
ENSSHAG00000007897	1	short chain dehydrogenase/reductase family 39U, member 1 [Source:HGNC Symbol;Acc:HGNC:20275]	1	0
ENSSHAG00000010078	1	EYA transcriptional coactivator and phosphatase 1 [Source:HGNC Symbol;Acc:HGNC:3519]	0	1
ENSSHAG00000007895	1	diacylglycerol kinase, iota [Source:HGNC Symbol;Acc:HGNC:2855]	1	0
ENSSHAG00000012254	1	Uncharacterized protein  [Source:UniProtKB/TrEMBL;Acc:G3WFY8]	0	1
ENSSHAG00000018831	1	zyg-11 related, cell cycle regulator [Source:HGNC Symbol;Acc:HGNC:30960]	0	1
ENSSHAG00000014770	1	membrane-associated ring finger (C3HC4) 1, E3 ubiquitin protein ligase [Source:HGNC Symbol;Acc:HGNC:26077]	1	0
ENSSHAG00000015512	1	N(alpha)-acetyltransferase 60, NatF catalytic subunit [Source:HGNC Symbol;Acc:HGNC:25875]	1	0
ENSSHAG00000011297	1	ATP-binding cassette, sub-family A (ABC1), member 7 [Source:HGNC Symbol;Acc:HGNC:37]	1	0
ENSSHAG00000011291	1	Uncharacterized protein  [Source:UniProtKB/TrEMBL;Acc:G3WCQ1]	1	0
ENSSHAG00000015923	1	Uncharacterized protein  [Source:UniProtKB/TrEMBL;Acc:G3WTK5]	1	0
